Site	Sequencing_sample_ID	HbS_genotype	VAF
Pfsa1	24118X103	AA	0.602285714285714
Pfsa1	24118X107	AA	0.170250896057348
Pfsa1	24118X108	AS	0.890895953757225
Pfsa1	24118X111	AA	0.51466275659824
Pfsa1	24118X112	AA	0.291322314049587
Pfsa1	24118X118	AA	0.637203166226913
Pfsa1	24118X12	AA	0.310344827586207
Pfsa1	24118X120	AA	0.751585014409222
Pfsa1	24118X127	AA	0.548797736916549
Pfsa1	24118X128	AS	0.897727272727273
Pfsa1	24118X134	AA	0.148455162019593
Pfsa1	24118X138	AA	0.0862944162436548
Pfsa1	24118X141	AA	0.100671140939597
Pfsa1	24118X145	AA	0.806122448979592
Pfsa1	24118X149	AA	0.142857142857143
Pfsa1	24118X156	AA	0.278699581815729
Pfsa1	24118X159	AA	0.513274336283186
Pfsa1	24118X160	AA	0.230061349693252
Pfsa1	24118X166	AA	0.253430185633575
Pfsa1	24118X170	AS	0.8192
Pfsa1	24118X172	AA	0.19774011299435
Pfsa1	24118X176	AA	0.146021840873635
Pfsa1	24118X178	AA	0.156474820143885
Pfsa1	24118X179	AA	0.602370689655172
Pfsa1	24118X180	AA	0.48780487804878
Pfsa1	24118X185	AA	0.0799347471451876
Pfsa1	24118X188	AA	0.185185185185185
Pfsa1	24118X195	AA	0.311752010986855
Pfsa1	24118X197	AA	0.231619413743393
Pfsa1	24118X201	AA	0.333333333333333
Pfsa1	24118X202	AA	0.697770521912147
Pfsa1	24118X203	AA	0.145773357759749
Pfsa1	24118X206	AS	0.790331196581197
Pfsa1	24118X209	AA	0.461215932914046
Pfsa1	24118X210	AA	0.101101101101101
Pfsa1	24118X212	AA	0.196850393700787
Pfsa1	24118X224	AA	0.744186046511628
Pfsa1	24118X226	AA	0.211527035056447
Pfsa1	24118X23	AA	0.218934911242604
Pfsa1	24118X233	AA	0.104251012145749
Pfsa1	24118X234	AA	0.356466876971609
Pfsa1	24118X238	AA	0.203472731719247
Pfsa1	24118X240	AA	0.340659340659341
Pfsa1	24118X242	AS	0.418410041841004
Pfsa1	24118X243	AA	0.459016393442623
Pfsa1	24118X244	AA	0.329294369208838
Pfsa1	24118X245	AS	0.741935483870968
Pfsa1	24118X248	AA	0.621327640540815
Pfsa1	24118X249	AA	0.0920245398773006
Pfsa1	24118X250	AS	0.224465558194774
Pfsa1	24118X251	AA	0.204918032786885
Pfsa1	24118X257	AA	0.201716738197425
Pfsa1	24118X259	AA	0.434210526315789
Pfsa1	24118X262	AA	0.109207708779443
Pfsa1	24118X264	AA	0.425373134328358
Pfsa1	24118X266	AA	0.0936949630151462
Pfsa1	24118X269	AS	0.852534562211982
Pfsa1	24118X278	AA	0.143856143856144
Pfsa1	24118X28	AS	0.746719681908549
Pfsa1	24118X281	AS	0.531121469701124
Pfsa1	24118X283	AA	0.19690199582961
Pfsa1	24118X284	AA	0.762376237623762
Pfsa1	24118X29	AA	0.575039494470774
Pfsa1	24118X295	AA	0.227979274611399
Pfsa1	24118X299	AA	0.25
Pfsa1	24118X301	AA	0.786885245901639
Pfsa1	24118X303	AA	0.4
Pfsa1	24118X320	AA	0.298361157910859
Pfsa1	24118X321	AA	0.35206177098735
Pfsa1	24118X337	AA	0.09875173370319
Pfsa1	24118X341	AS	0.498493975903614
Pfsa1	24118X343	AS	0.472647702407002
Pfsa1	24118X353	AA	0.560295060936498
Pfsa1	24118X358	AS	0.889460154241645
Pfsa1	24118X362	AS	0.651449722393584
Pfsa1	24118X370	AA	0.214105793450882
Pfsa1	24118X372	AA	0.260180995475113
Pfsa1	24118X373	AA	0.883211678832117
Pfsa1	24118X379	AA	0.207207207207207
Pfsa1	24118X38	AA	0.0902587220697766
Pfsa1	24118X381	AS	0.795144157814871
Pfsa1	24118X383	AA	0.160352489267154
Pfsa1	24118X41	AA	0.584869059165858
Pfsa1	24118X42	AA	0.710202286719437
Pfsa1	24118X45	AA	0.411214953271028
Pfsa1	24118X49	AA	0.211111111111111
Pfsa1	24118X6	AA	0.379120879120879
Pfsa1	24118X61	AS	0.864578069732188
Pfsa1	24118X62	AA	0.490706319702602
Pfsa1	24118X64	AA	0.468208092485549
Pfsa1	24118X66	AA	0.141284403669725
Pfsa1	24118X67	AS	0.805321314335563
Pfsa1	24118X68	AS	0.262081784386617
Pfsa1	24118X71	AA	0.170797413793103
Pfsa1	24118X72	AA	0.937858831475853
Pfsa1	24118X75	AS	0.802083333333333
Pfsa1	24118X79	AS	0.837151037938439
Pfsa1	24118X82	AA	0.340248962655602
Pfsa1	24118X85	AA	0.299715909090909
Pfsa1	24118X94	AA	0.169187387849269
Pfsa1	24118X99	AA	0.9296875
Pfsa1	24404X10	AA	0.190132158590308
Pfsa1	24404X101	AA	0.528933092224231
Pfsa1	24404X103	AA	0.569395017793594
Pfsa1	24404X112	AA	0.263035921205098
Pfsa1	24404X115	AA	0.180535420894945
Pfsa1	24404X117	AA	0.33164812942366
Pfsa1	24404X119	AA	0.132186012449652
Pfsa1	24404X121	AA	0.32288856609255
Pfsa1	24404X125	AA	0.840718105423988
Pfsa1	24404X13	AA	0.620190610660078
Pfsa1	24404X130	AA	0.380849892387006
Pfsa1	24404X134	AS	0.700374531835206
Pfsa1	24404X139	AA	0.75
Pfsa1	24404X141	AS	0.454861111111111
Pfsa1	24404X144	AA	0.208454810495627
Pfsa1	24404X146	AA	0.22229595222296
Pfsa1	24404X157	AA	0.314561136478945
Pfsa1	24404X160	AA	0.310641110376735
Pfsa1	24404X165	AA	0.184120037511722
Pfsa1	24404X172	AA	0.0909090909090909
Pfsa1	24404X179	AA	0.206410256410256
Pfsa1	24404X182	AA	0.152988047808765
Pfsa1	24404X187	AA	0.116692034500254
Pfsa1	24404X188	AA	0.123397048149044
Pfsa1	24404X193	AA	0.183585313174946
Pfsa1	24404X194	AA	0.742424242424242
Pfsa1	24404X199	AS	0.717041800643087
Pfsa1	24404X200	AA	0.646424517593644
Pfsa1	24404X209	AS	0.706548100242522
Pfsa1	24404X21	AA	0.138628986060722
Pfsa1	24404X213	AA	0.466887417218543
Pfsa1	24404X215	AA	0.160865475070555
Pfsa1	24404X217	AA	0.195258019525802
Pfsa1	24404X22	AA	0.0774248660402268
Pfsa1	24404X221	AA	0.0806451612903226
Pfsa1	24404X225	AS	0.412172573189522
Pfsa1	24404X24	AA	0.240384615384615
Pfsa1	24404X246	AA	0.281553398058252
Pfsa1	24404X247	AA	0.248571428571429
Pfsa1	24404X257	AS	0.762402088772846
Pfsa1	24404X259	AA	0.162625050020008
Pfsa1	24404X26	AA	0.235759493670886
Pfsa1	24404X262	AA	0.121244635193133
Pfsa1	24404X263	AA	0.151515151515152
Pfsa1	24404X286	AA	0.806565064478312
Pfsa1	24404X29	AA	0.096452850508178
Pfsa1	24404X290	AA	0.823144104803493
Pfsa1	24404X293	AA	0.351239669421488
Pfsa1	24404X30	AA	0.818268497330282
Pfsa1	24404X300	AS	0.135746606334842
Pfsa1	24404X301	AA	0.773770491803279
Pfsa1	24404X305	AA	0.784210526315789
Pfsa1	24404X315	AA	0.573643410852713
Pfsa1	24404X319	AA	0.437262357414449
Pfsa1	24404X321	AA	0.404471544715447
Pfsa1	24404X324	AA	0.168961201501877
Pfsa1	24404X327	AS	0.944444444444444
Pfsa1	24404X33	AS	0.147808197499604
Pfsa1	24404X334	AS	0.807544264819092
Pfsa1	24404X335	AA	0.424657534246575
Pfsa1	24404X339	AA	0.181159420289855
Pfsa1	24404X341	AA	0.74236641221374
Pfsa1	24404X343	AS	0.753554502369668
Pfsa1	24404X348	AS	0.904135338345865
Pfsa1	24404X353	AA	0.815789473684211
Pfsa1	24404X355	AA	0.435185185185185
Pfsa1	24404X356	AA	0.175404213620774
Pfsa1	24404X361	AA	0.535871156661786
Pfsa1	24404X368	AA	0.27992277992278
Pfsa1	24404X377	AA	0.74365147161606
Pfsa1	24404X379	AA	0.533193936225823
Pfsa1	24404X384	AA	0.455357142857143
Pfsa1	24404X4	AA	0.25
Pfsa1	24404X41	AA	0.207865168539326
Pfsa1	24404X42	AA	0.523952095808383
Pfsa1	24404X49	AS	0.339667458432304
Pfsa1	24404X51	AA	0.240847784200385
Pfsa1	24404X55	AA	0.652163742690059
Pfsa1	24404X56	AA	0.368
Pfsa1	24404X73	AA	0.234567901234568
Pfsa1	24404X74	AA	0.280450669914738
Pfsa1	24404X81	AA	0.746835443037975
Pfsa1	24404X84	AA	0.167198723064645
Pfsa1	24404X90	AA	0.138364779874214
Pfsa1	24404X92	AA	0.556521739130435
Pfsa1	24404X96	AA	0.207526408450704
Pfsa1	24448X101	AA	0.0707964601769911
Pfsa1	24448X102	AA	0.283613445378151
Pfsa1	24448X105	AA	0.24450715581536
Pfsa1	24448X11	AS	0.891752577319588
Pfsa1	24448X111	AA	0.204
Pfsa1	24448X112	AA	0.161375661375661
Pfsa1	24448X113	AA	0.0677966101694915
Pfsa1	24448X120	AA	0.290697674418605
Pfsa1	24448X122	AS	0.507462686567164
Pfsa1	24448X123	AA	0.0797546012269939
Pfsa1	24448X125	AS	0.53448275862069
Pfsa1	24448X127	AA	0.788235294117647
Pfsa1	24448X129	AA	0.229946524064171
Pfsa1	24448X131	AA	0.381499269158488
Pfsa1	24448X135	AS	0.347069597069597
Pfsa1	24448X136	AA	0.694313453536755
Pfsa1	24448X139	AA	0.351128233351679
Pfsa1	24448X143	AA	0.112255064762537
Pfsa1	24448X151	AS	0.360196215837421
Pfsa1	24448X155	AS	0.231884057971014
Pfsa1	24448X157	AA	0.0641539695268645
Pfsa1	24448X158	AA	0.812967581047382
Pfsa1	24448X16	AA	0.243169398907104
Pfsa1	24448X163	AA	0.294492440604752
Pfsa1	24448X166	AS	0.578947368421053
Pfsa1	24448X174	AA	0.118518518518519
Pfsa1	24448X175	AA	0.153094462540717
Pfsa1	24448X18	AA	0.181672025723473
Pfsa1	24448X180	AA	0.476923076923077
Pfsa1	24448X182	AA	0.353675450762829
Pfsa1	24448X187	AA	0.0833333333333333
Pfsa1	24448X197	AA	0.351351351351351
Pfsa1	24448X202	AA	0.588785046728972
Pfsa1	24448X209	AS	0.862619808306709
Pfsa1	24448X213	AA	0.593142857142857
Pfsa1	24448X217	AS	0.51183970856102
Pfsa1	24448X220	AA	0.0902777777777778
Pfsa1	24448X226	AA	0.32457729468599
Pfsa1	24448X228	AA	0.83743842364532
Pfsa1	24448X229	AA	0.565349544072948
Pfsa1	24448X231	AS	0.929437706725469
Pfsa1	24448X232	AS	0.712365591397849
Pfsa1	24448X233	AA	0.133116883116883
Pfsa1	24448X234	AA	0.0741337630942788
Pfsa1	24448X235	AA	0.406593406593407
Pfsa1	24448X239	AA	0.150276508776148
Pfsa1	24448X24	AA	0.272366121086922
Pfsa1	24448X241	AA	0.271664766248575
Pfsa1	24448X245	AA	0.101694915254237
Pfsa1	24448X246	AA	0.327010419449639
Pfsa1	24448X25	AA	0.308641975308642
Pfsa1	24448X253	AS	0.911290322580645
Pfsa1	24448X254	AA	0.264957264957265
Pfsa1	24448X258	AA	0.0786516853932584
Pfsa1	24448X263	AS	0.802083333333333
Pfsa1	24448X27	AA	0.314285714285714
Pfsa1	24448X270	AA	0.846875
Pfsa1	24448X271	AA	0.256756756756757
Pfsa1	24448X277	AA	0.140804597701149
Pfsa1	24448X282	AS	0.698051948051948
Pfsa1	24448X285	AA	0.145671641791045
Pfsa1	24448X288	AS	0.670402908209633
Pfsa1	24448X290	AA	0.193711967545639
Pfsa1	24448X291	AA	0.451456310679612
Pfsa1	24448X292	AA	0.474226804123711
Pfsa1	24448X3	AA	0.720233139050791
Pfsa1	24448X301	AA	0.0875099443118536
Pfsa1	24448X305	AA	0.266518847006652
Pfsa1	24448X306	AA	0.25
Pfsa1	24448X310	AA	0.414829659318637
Pfsa1	24448X313	AA	0.217513682564504
Pfsa1	24448X315	AA	0.176923076923077
Pfsa1	24448X321	AA	0.192201039861352
Pfsa1	24448X323	AA	0.357348703170029
Pfsa1	24448X324	AS	0.607727491574386
Pfsa1	24448X330	AA	0.475699947173798
Pfsa1	24448X334	AA	0.159776684833178
Pfsa1	24448X337	AA	0.240306946688207
Pfsa1	24448X338	AS	0.790123456790123
Pfsa1	24448X340	AA	0.140243902439024
Pfsa1	24448X344	AA	0.298266351457841
Pfsa1	24448X345	AA	0.166666666666667
Pfsa1	24448X346	AA	0.178571428571429
Pfsa1	24448X35	AA	0.726415094339623
Pfsa1	24448X357	AA	0.253681710213777
Pfsa1	24448X362	AA	0.155172413793103
Pfsa1	24448X363	AA	0.44014998557831
Pfsa1	24448X364	AA	0.0903361344537815
Pfsa1	24448X365	AA	0.519013360739979
Pfsa1	24448X369	AA	0.76063829787234
Pfsa1	24448X376	AA	0.373205741626794
Pfsa1	24448X38	AA	0.111111111111111
Pfsa1	24448X382	AA	0.738581146744412
Pfsa1	24448X383	AA	0.128026070763501
Pfsa1	24448X42	AA	0.234750979294908
Pfsa1	24448X43	AA	0.0911341482283769
Pfsa1	24448X47	AS	0.145038167938931
Pfsa1	24448X57	AS	0.753246753246753
Pfsa1	24448X60	AS	0.739449541284404
Pfsa1	24448X63	AA	0.235331032318795
Pfsa1	24448X69	AA	0.0888888888888889
Pfsa1	24448X7	AA	0.289015151515152
Pfsa1	24448X70	AA	0.141291108404385
Pfsa1	24448X82	AA	0.484455958549223
Pfsa1	24448X84	AA	0.368056206088993
Pfsa1	24448X86	AA	0.415
Pfsa1	24448X96	AA	0.448275862068966
Pfsa1	24466X100	AA	0.11128526645768
Pfsa1	24466X102	AA	0.0994623655913978
Pfsa1	24466X108	AA	0.130769230769231
Pfsa1	24466X111	AS	0.380952380952381
Pfsa1	24466X113	AA	0.710677691892864
Pfsa1	24466X116	AA	0.785403050108932
Pfsa1	24466X119	AS	0.571428571428571
Pfsa1	24466X120	AS	0.85
Pfsa1	24466X124	AA	0.217318900915903
Pfsa1	24466X125	AA	0.457627118644068
Pfsa1	24466X126	AA	0.0850801479654747
Pfsa1	24466X127	AA	0.244297003131057
Pfsa1	24466X129	AS	0.853658536585366
Pfsa1	24466X13	AA	0.735006973500697
Pfsa1	24466X134	AA	0.178947368421053
Pfsa1	24466X135	AA	0.194308581591819
Pfsa1	24466X137	AA	0.0980392156862745
Pfsa1	24466X139	AA	0.161764705882353
Pfsa1	24466X14	AA	0.176844262295082
Pfsa1	24466X141	AA	0.325301204819277
Pfsa1	24466X144	AS	0.567567567567568
Pfsa1	24466X146	AA	0.124324324324324
Pfsa1	24466X147	AA	0.213532513181019
Pfsa1	24466X151	AS	0.841530054644809
Pfsa1	24466X165	AA	0.177092511013216
Pfsa1	24466X167	AA	0.607017543859649
Pfsa1	24466X172	AA	0.157407407407407
Pfsa1	24466X174	AA	0.374149659863946
Pfsa1	24466X180	AA	0.278637770897833
Pfsa1	24466X19	AA	0.373844121532365
Pfsa1	24466X195	AA	0.224157955865273
Pfsa1	24466X200	AA	0.12406015037594
Pfsa1	24466X207	AA	0.2
Pfsa1	24466X208	AA	0.119718309859155
Pfsa1	24466X211	AA	0.064
Pfsa1	24466X212	AA	0.883333333333333
Pfsa1	24466X215	AA	0.378048780487805
Pfsa1	24466X219	AA	0.160714285714286
Pfsa1	24466X22	AA	0.383259911894273
Pfsa1	24466X223	AA	0.463800904977376
Pfsa1	24466X224	AS	0.520833333333333
Pfsa1	24466X225	AA	0.839863713798978
Pfsa1	24466X229	AA	0.605769230769231
Pfsa1	24466X232	AA	0.32010582010582
Pfsa1	24466X237	AA	0.688073394495413
Pfsa1	24466X244	AA	0.320175438596491
Pfsa1	24466X246	AA	0.0835443037974684
Pfsa1	24466X253	AA	0.16793893129771
Pfsa1	24466X255	AS	0.087719298245614
Pfsa1	24466X257	AA	0.584821428571429
Pfsa1	24466X259	AA	0.111709286675639
Pfsa1	24466X262	AA	0.376344086021505
Pfsa1	24466X263	AA	0.693181818181818
Pfsa1	24466X264	AA	0.0758965804837364
Pfsa1	24466X266	AA	0.175328083989501
Pfsa1	24466X267	AA	0.526666666666667
Pfsa1	24466X268	AA	0.612612612612613
Pfsa1	24466X269	AA	0.107638888888889
Pfsa1	24466X28	AS	0.185526315789474
Pfsa1	24466X280	AA	0.529850746268657
Pfsa1	24466X283	AA	0.571973664521921
Pfsa1	24466X293	AA	0.36479892310281
Pfsa1	24466X299	AA	0.0606060606060606
Pfsa1	24466X301	AA	0.137931034482759
Pfsa1	24466X309	AS	0.401162790697674
Pfsa1	24466X31	AA	0.472826086956522
Pfsa1	24466X312	AA	0.80391804457225
Pfsa1	24466X315	AA	0.186573670444638
Pfsa1	24466X317	AA	0.252129471890971
Pfsa1	24466X323	AA	0.259351620947631
Pfsa1	24466X324	AA	0.0984952120383037
Pfsa1	24466X332	AA	0.271604938271605
Pfsa1	24466X342	AA	0.617886178861789
Pfsa1	24466X347	AA	0.115732368896926
Pfsa1	24466X35	AS	0.871967654986523
Pfsa1	24466X352	AA	0.0976138828633406
Pfsa1	24466X353	AA	0.145038167938931
Pfsa1	24466X354	AA	0.308127208480565
Pfsa1	24466X355	AS	0.480015372790161
Pfsa1	24466X356	AA	0.121103117505995
Pfsa1	24466X359	AS	0.354166666666667
Pfsa1	24466X36	AA	0.196933962264151
Pfsa1	24466X365	AA	0.14375
Pfsa1	24466X368	AS	0.344605475040258
Pfsa1	24466X370	AS	0.796536796536797
Pfsa1	24466X377	AA	0.0673076923076923
Pfsa1	24466X383	AA	0.119266055045872
Pfsa1	24466X384	AS	0.706766917293233
Pfsa1	24466X39	AA	0.641509433962264
Pfsa1	24466X42	AA	0.120689655172414
Pfsa1	24466X43	AA	0.188833969894406
Pfsa1	24466X45	AA	0.193333333333333
Pfsa1	24466X47	AA	0.475177304964539
Pfsa1	24466X61	AS	0.0720461095100865
Pfsa1	24466X62	AA	0.398737808376363
Pfsa1	24466X69	AA	0.12280701754386
Pfsa1	24466X7	AA	0.0993788819875776
Pfsa1	24466X74	AA	0.0826446280991736
Pfsa1	24466X78	AA	0.16551724137931
Pfsa1	24466X81	AA	0.149253731343284
Pfsa1	24466X84	AA	0.512605042016807
Pfsa1	24466X86	AA	0.136227888812313
Pfsa1	24466X89	AA	0.192377495462795
Pfsa1	24466X9	AS	0.879194630872483
Pfsa1	24466X94	AA	0.332432432432432
Pfsa1	24494X10	AA	0.157016683022571
Pfsa1	24494X101	AA	0.620879120879121
Pfsa1	24494X103	AA	0.149817518248175
Pfsa1	24494X104	AS	0.400216919739696
Pfsa1	24494X108	AS	0.613636363636364
Pfsa1	24494X109	AA	0.144444444444444
Pfsa1	24494X111	AA	0.266473569876901
Pfsa1	24494X112	AA	0.227454110135674
Pfsa1	24494X113	AA	0.887560310467799
Pfsa1	24494X114	AA	0.298909090909091
Pfsa1	24494X119	AA	0.0975797157126393
Pfsa1	24494X120	AA	0.230333543108873
Pfsa1	24494X122	AA	0.525423728813559
Pfsa1	24494X125	AA	0.223880597014925
Pfsa1	24494X127	AS	0.733067729083665
Pfsa1	24494X133	AA	0.24
Pfsa1	24494X134	AA	0.114372469635628
Pfsa1	24494X135	AS	0.739031339031339
Pfsa1	24494X138	AA	0.768831168831169
Pfsa1	24494X141	AA	0.248826291079812
Pfsa1	24494X143	AA	0.220848056537102
Pfsa1	24494X144	AA	0.24269889224572
Pfsa1	24494X146	AA	0.222698072805139
Pfsa1	24494X147	AA	0.0984074162110768
Pfsa1	24494X151	AA	0.107303877366997
Pfsa1	24494X153	AA	0.210867218423893
Pfsa1	24494X154	AA	0.356589147286822
Pfsa1	24494X155	AA	0.819047619047619
Pfsa1	24494X158	AA	0.0825688073394495
Pfsa1	24494X159	AA	0.130781499202552
Pfsa1	24494X160	AA	0.260416666666667
Pfsa1	24494X162	AS	0.751040981810213
Pfsa1	24494X164	AS	0.865384615384615
Pfsa1	24494X165	AA	0.691860465116279
Pfsa1	24494X167	AA	0.483720930232558
Pfsa1	24494X168	AA	0.112206216830933
Pfsa1	24494X170	AA	0.772966410360178
Pfsa1	24494X171	AA	0.134310134310134
Pfsa1	24494X175	AA	0.282168766704849
Pfsa1	24494X176	AA	0.242441860465116
Pfsa1	24494X178	AA	0.09
Pfsa1	24494X179	AS	0.112299465240642
Pfsa1	24494X183	AA	0.672477850814518
Pfsa1	24494X184	AA	0.288590604026846
Pfsa1	24494X187	AS	0.594713656387665
Pfsa1	24494X192	AA	0.209139784946237
Pfsa1	24494X193	AA	0.394822006472492
Pfsa1	24494X196	AA	0.62962962962963
Pfsa1	24494X197	AS	0.113478955780501
Pfsa1	24494X199	AA	0.126315789473684
Pfsa1	24494X200	AA	0.0963949843260188
Pfsa1	24494X202	AA	0.215151515151515
Pfsa1	24494X207	AA	0.195273954816931
Pfsa1	24494X208	AA	0.362699639361154
Pfsa1	24494X210	AS	0.8912
Pfsa1	24494X215	AA	0.197144799456152
Pfsa1	24494X217	AS	0.898043005556898
Pfsa1	24494X219	AA	0.107386716325264
Pfsa1	24494X220	AA	0.545454545454545
Pfsa1	24494X222	AS	0.896341463414634
Pfsa1	24494X223	AA	0.156256358087487
Pfsa1	24494X225	AS	0.246638946638947
Pfsa1	24494X226	AA	0.151079136690647
Pfsa1	24494X227	AA	0.818101933216169
Pfsa1	24494X231	AA	0.195954487989886
Pfsa1	24494X233	AA	0.0645431684828164
Pfsa1	24494X237	AA	0.425795053003534
Pfsa1	24494X239	AS	0.903878583473862
Pfsa1	24494X24	AS	0.417085427135678
Pfsa1	24494X240	AA	0.108409321175279
Pfsa1	24494X242	AA	0.160427807486631
Pfsa1	24494X247	AS	0.457627118644068
Pfsa1	24494X248	AA	0.0666873449131514
Pfsa1	24494X251	AA	0.266932270916335
Pfsa1	24494X254	AA	0.321100917431193
Pfsa1	24494X255	AA	0.347319347319347
Pfsa1	24494X257	AS	0.760330578512397
Pfsa1	24494X259	AA	0.169976247030879
Pfsa1	24494X260	AS	0.705349561279366
Pfsa1	24494X264	AA	0.247282608695652
Pfsa1	24494X268	AS	0.903315667889659
Pfsa1	24494X27	AA	0.231707317073171
Pfsa1	24494X272	AA	0.1
Pfsa1	24494X278	AA	0.0949640287769784
Pfsa1	24494X279	AA	0.360655737704918
Pfsa1	24494X28	AA	0.7081351094196
Pfsa1	24494X281	AA	0.240641711229947
Pfsa1	24494X284	AA	0.151162790697674
Pfsa1	24494X287	AA	0.85589519650655
Pfsa1	24494X293	AA	0.0833333333333333
Pfsa1	24494X295	AA	0.12150577711517
Pfsa1	24494X296	AA	0.238421955403087
Pfsa1	24494X300	AS	0.78489847715736
Pfsa1	24494X306	AA	0.128948160032087
Pfsa1	24494X307	AA	0.147482624173589
Pfsa1	24494X32	AA	0.0894308943089431
Pfsa1	24494X320	AA	0.31664674237896
Pfsa1	24494X330	AA	0.630769230769231
Pfsa1	24494X332	AA	0.117283950617284
Pfsa1	24494X334	AS	0.242811501597444
Pfsa1	24494X336	AA	0.850832072617247
Pfsa1	24494X34	AA	0.143225806451613
Pfsa1	24494X340	AA	0.109243697478992
Pfsa1	24494X348	AA	0.358885017421603
Pfsa1	24494X35	AS	0.911125319693095
Pfsa1	24494X352	AA	0.916030534351145
Pfsa1	24494X353	AA	0.37037037037037
Pfsa1	24494X355	AA	0.413109756097561
Pfsa1	24494X356	AA	0.252551020408163
Pfsa1	24494X357	AA	0.185314685314685
Pfsa1	24494X360	AA	0.104066462614779
Pfsa1	24494X364	AS	0.707142857142857
Pfsa1	24494X365	AS	0.292517006802721
Pfsa1	24494X367	AA	0.516959984269
Pfsa1	24494X370	AA	0.446280991735537
Pfsa1	24494X372	AA	0.148026315789474
Pfsa1	24494X376	AA	0.482100238663485
Pfsa1	24494X379	AA	0.692415169660679
Pfsa1	24494X380	AS	0.384505021520803
Pfsa1	24494X382	AA	0.215568862275449
Pfsa1	24494X40	AA	0.178571428571429
Pfsa1	24494X44	AA	0.229572713643178
Pfsa1	24494X47	AS	0.704225352112676
Pfsa1	24494X48	AS	0.882164678498691
Pfsa1	24494X5	AA	0.101369863013699
Pfsa1	24494X53	AS	0.48
Pfsa1	24494X54	AA	0.10655737704918
Pfsa1	24494X55	AA	0.197604790419162
Pfsa1	24494X56	AA	0.682195277600511
Pfsa1	24494X57	AA	0.188191881918819
Pfsa1	24494X67	AA	0.322368421052632
Pfsa1	24494X68	AA	0.448275862068966
Pfsa1	24494X69	AA	0.660287081339713
Pfsa1	24494X7	AA	0.0810810810810811
Pfsa1	24494X72	AA	0.0838709677419355
Pfsa1	24494X74	AA	0.193548387096774
Pfsa1	24494X78	AA	0.142857142857143
Pfsa1	24494X80	AA	0.232531500572738
Pfsa1	24494X82	AA	0.127906976744186
Pfsa1	24494X85	AA	0.839097744360902
Pfsa1	24494X88	AA	0.465321563682219
Pfsa1	24494X92	AA	0.816525491449576
Pfsa1	24494X96	AA	0.301470588235294
Pfsa1	24538X1	AA	0.456226880394575
Pfsa1	24538X10	AA	0.0930232558139535
Pfsa1	24538X112	AA	0.160919540229885
Pfsa1	24538X116	AA	0.608844703462461
Pfsa1	24538X119	AA	0.148148148148148
Pfsa1	24538X120	AA	0.202714932126697
Pfsa1	24538X130	AA	0.169811320754717
Pfsa1	24538X134	AA	0.17721223441513
Pfsa1	24538X135	AA	0.594035666117189
Pfsa1	24538X137	AS	0.446808510638298
Pfsa1	24538X14	AS	0.622924584916983
Pfsa1	24538X140	AS	0.604651162790698
Pfsa1	24538X143	AA	0.260632868322559
Pfsa1	24538X151	AA	0.301916932907348
Pfsa1	24538X152	AA	0.0961761297798378
Pfsa1	24538X158	AA	0.47633283507723
Pfsa1	24538X160	AA	0.239340831807481
Pfsa1	24538X163	AA	0.320359281437126
Pfsa1	24538X166	AS	0.924907063197026
Pfsa1	24538X167	AS	0.112612612612613
Pfsa1	24538X168	AS	0.479087452471483
Pfsa1	24538X175	AA	0.286713286713287
Pfsa1	24538X176	AA	0.237366003062787
Pfsa1	24538X177	AA	0.24317617866005
Pfsa1	24538X178	AS	0.1875
Pfsa1	24538X179	AA	0.316793893129771
Pfsa1	24538X18	AA	0.188378033205619
Pfsa1	24538X180	AA	0.3058568329718
Pfsa1	24538X181	AA	0.175264139216905
Pfsa1	24538X182	AA	0.276762402088773
Pfsa1	24538X183	AA	0.101878201479795
Pfsa1	24538X184	AA	0.129460580912863
Pfsa1	24538X186	AS	0.159203980099502
Pfsa1	24538X19	AA	0.418181818181818
Pfsa1	24538X193	AA	0.461361897475134
Pfsa1	24538X194	AA	0.203149606299213
Pfsa1	24538X196	AA	0.869796708615682
Pfsa1	24538X201	AA	0.391734052111411
Pfsa1	24538X204	AA	0.238023952095808
Pfsa1	24538X206	AA	0.720819112627986
Pfsa1	24538X209	AA	0.327310344827586
Pfsa1	24538X213	AA	0.280898876404494
Pfsa1	24538X215	AA	0.192640692640693
Pfsa1	24538X219	AA	0.600297176820208
Pfsa1	24538X224	AA	0.284876905041032
Pfsa1	24538X226	AA	0.256646216768916
Pfsa1	24538X227	AA	0.168048645660586
Pfsa1	24538X23	AA	0.819529760643931
Pfsa1	24538X238	AA	0.296670030272452
Pfsa1	24538X241	AA	0.0768718801996672
Pfsa1	24538X242	AS	0.38125
Pfsa1	24538X243	AA	0.494554455445545
Pfsa1	24538X252	AA	0.642335766423358
Pfsa1	24538X254	AA	0.111630625365283
Pfsa1	24538X256	AA	0.869294605809129
Pfsa1	24538X257	AA	0.227544910179641
Pfsa1	24538X258	AS	0.701382488479263
Pfsa1	24538X26	AA	0.119047619047619
Pfsa1	24538X261	AA	0.372823984526112
Pfsa1	24538X262	AA	0.118718592964824
Pfsa1	24538X263	AA	0.080168776371308
Pfsa1	24538X265	AA	0.11757766417617
Pfsa1	24538X266	AS	0.895104895104895
Pfsa1	24538X267	AA	0.149831017649268
Pfsa1	24538X268	AS	0.74313408723748
Pfsa1	24538X276	AA	0.295454545454545
Pfsa1	24538X277	AA	0.534818941504178
Pfsa1	24538X278	AA	0.290780141843972
Pfsa1	24538X279	AA	0.200743494423792
Pfsa1	24538X281	AA	0.316386010362694
Pfsa1	24538X284	AA	0.296296296296296
Pfsa1	24538X285	AA	0.110628210193599
Pfsa1	24538X289	AA	0.11138014527845
Pfsa1	24538X291	AA	0.138703527168732
Pfsa1	24538X299	AA	0.679310344827586
Pfsa1	24538X302	AA	0.249124172829895
Pfsa1	24538X31	AA	0.192307692307692
Pfsa1	24538X311	AA	0.0862482031624341
Pfsa1	24538X318	AA	0.34514964975589
Pfsa1	24538X320	AA	0.5390625
Pfsa1	24538X331	AA	0.389380530973451
Pfsa1	24538X337	AA	0.215753424657534
Pfsa1	24538X339	AA	0.271954674220963
Pfsa1	24538X340	AA	0.440886699507389
Pfsa1	24538X344	AA	0.77319587628866
Pfsa1	24538X355	AA	0.100291445225441
Pfsa1	24538X356	AA	0.405405405405405
Pfsa1	24538X358	AA	0.444723618090452
Pfsa1	24538X370	AA	0.87741935483871
Pfsa1	24538X372	AA	0.137766801905098
Pfsa1	24538X374	AA	0.61609907120743
Pfsa1	24538X376	AA	0.517006802721088
Pfsa1	24538X381	AA	0.0630966239813737
Pfsa1	24538X4	AS	0.757009345794392
Pfsa1	24538X43	AA	0.170731707317073
Pfsa1	24538X48	AA	0.610161290322581
Pfsa1	24538X50	AA	0.127272727272727
Pfsa1	24538X53	AA	0.160628844839371
Pfsa1	24538X54	AS	0.914728682170543
Pfsa1	24538X64	AA	0.340925789860397
Pfsa1	24538X7	AA	0.11531190926276
Pfsa1	24538X70	AS	0.904306220095694
Pfsa1	24538X71	AA	0.138888888888889
Pfsa1	24538X73	AA	0.811903853491034
Pfsa1	24538X77	AS	0.114644351464435
Pfsa1	24538X80	AA	0.2
Pfsa1	24538X81	AA	0.791505791505791
Pfsa1	24538X85	AA	0.23010752688172
Pfsa1	24538X86	AS	0.851573187414501
Pfsa1	24538X87	AA	0.129098360655738
Pfsa1	24538X88	AA	0.171140939597315
Pfsa1	24538X9	AA	0.835266821345708
Pfsa1	24538X96	AS	0.758992805755396
Pfsa1	25631X101	AA	0.449612403100775
Pfsa1	25631X103	AS	0.770358306188925
Pfsa1	25631X105	AS	0.538461538461538
Pfsa1	25631X11	AA	0.730569948186529
Pfsa1	25631X111	AA	0.210676446617767
Pfsa1	25631X114	AA	0.143741670937981
Pfsa1	25631X115	AA	0.901916713491915
Pfsa1	25631X117	AA	0.184666226040978
Pfsa1	25631X119	AA	0.351851851851852
Pfsa1	25631X12	AS	0.842105263157895
Pfsa1	25631X20	AA	0.37404641451859
Pfsa1	25631X21	AA	0.598932067635716
Pfsa1	25631X28	AS	0.127853881278539
Pfsa1	25631X29	AA	0.200902934537246
Pfsa1	25631X30	AA	0.31358024691358
Pfsa1	25631X31	AS	0.522222222222222
Pfsa1	25631X32	AA	0.163931788931789
Pfsa1	25631X34	AS	0.76271186440678
Pfsa1	25631X37	AS	0.850704225352113
Pfsa1	25631X44	AA	0.129322051603468
Pfsa1	25631X49	AA	0.455696202531646
Pfsa1	25631X51	AA	0.395522388059701
Pfsa1	25631X6	AA	0.103875968992248
Pfsa1	25631X68	AA	0.242162345365192
Pfsa1	25631X69	AA	0.325714285714286
Pfsa1	25631X71	AA	0.845814977973568
Pfsa1	25631X72	AA	0.113243980009087
Pfsa1	25631X79	AA	0.753035582303875
Pfsa1	25631X85	AA	0.482191210164549
Pfsa1	25631X86	AA	0.140111420612813
Pfsa1	25631X88	AA	0.394118848274454
Pfsa1	25631X89	AS	0.857324840764331
Pfsa1	25631X9	AS	0.809421841541756
Pfsa1	25631X91	AA	0.139726807057484
Pfsa1	25631X96	AA	0.214917766967802
Pfsa3	24118X103	AA	0.577464788732394
Pfsa3	24118X104	AA	0.0966386554621849
Pfsa3	24118X107	AA	0.079136690647482
Pfsa3	24118X111	AA	0.333333333333333
Pfsa3	24118X112	AA	0.25
Pfsa3	24118X113	AA	0.276436303080766
Pfsa3	24118X118	AA	0.743589743589744
Pfsa3	24118X12	AA	0.375
Pfsa3	24118X120	AA	0.772594752186589
Pfsa3	24118X123	AA	0.111111111111111
Pfsa3	24118X127	AA	0.748031496062992
Pfsa3	24118X134	AA	0.332116788321168
Pfsa3	24118X138	AA	0.333333333333333
Pfsa3	24118X142	AA	0.381944444444444
Pfsa3	24118X145	AA	0.816326530612245
Pfsa3	24118X146	AA	0.196078431372549
Pfsa3	24118X149	AA	0.163934426229508
Pfsa3	24118X156	AA	0.372128637059724
Pfsa3	24118X159	AA	0.907514450867052
Pfsa3	24118X160	AA	0.326923076923077
Pfsa3	24118X166	AA	0.404761904761905
Pfsa3	24118X172	AA	0.391304347826087
Pfsa3	24118X173	AA	0.261146496815287
Pfsa3	24118X176	AA	0.268897149938042
Pfsa3	24118X178	AA	0.222222222222222
Pfsa3	24118X179	AA	0.676470588235294
Pfsa3	24118X180	AA	0.277777777777778
Pfsa3	24118X182	AA	0.225888324873096
Pfsa3	24118X185	AA	0.152777777777778
Pfsa3	24118X186	AA	0.181818181818182
Pfsa3	24118X188	AA	0.583333333333333
Pfsa3	24118X195	AA	0.298797409805735
Pfsa3	24118X197	AA	0.18960244648318
Pfsa3	24118X201	AA	0.155778894472362
Pfsa3	24118X202	AA	0.862135922330097
Pfsa3	24118X203	AA	0.129268292682927
Pfsa3	24118X206	AS	0.790149892933619
Pfsa3	24118X207	AA	0.337349397590361
Pfsa3	24118X208	AA	0.202185792349727
Pfsa3	24118X209	AA	0.307984790874525
Pfsa3	24118X210	AA	0.707920792079208
Pfsa3	24118X212	AA	0.497907949790795
Pfsa3	24118X220	AA	0.112903225806452
Pfsa3	24118X226	AA	0.663978494623656
Pfsa3	24118X229	AA	0.188235294117647
Pfsa3	24118X23	AA	0.184
Pfsa3	24118X233	AA	0.296066252587992
Pfsa3	24118X234	AA	0.360824742268041
Pfsa3	24118X24	AS	0.901408450704225
Pfsa3	24118X244	AA	0.341743119266055
Pfsa3	24118X245	AS	0.896551724137931
Pfsa3	24118X248	AA	0.869739478957916
Pfsa3	24118X25	AA	0.353646353646354
Pfsa3	24118X251	AA	0.428571428571429
Pfsa3	24118X253	AA	0.131805157593123
Pfsa3	24118X256	AA	0.157894736842105
Pfsa3	24118X257	AA	0.318181818181818
Pfsa3	24118X258	AA	0.119540229885057
Pfsa3	24118X262	AA	0.121951219512195
Pfsa3	24118X263	AA	0.419463087248322
Pfsa3	24118X264	AA	0.384615384615385
Pfsa3	24118X266	AA	0.717208182912154
Pfsa3	24118X278	AA	0.152993348115299
Pfsa3	24118X283	AA	0.23
Pfsa3	24118X295	AA	0.333333333333333
Pfsa3	24118X299	AA	0.25
Pfsa3	24118X301	AA	0.851851851851852
Pfsa3	24118X303	AA	0.176470588235294
Pfsa3	24118X304	AA	0.168316831683168
Pfsa3	24118X312	AA	0.580645161290323
Pfsa3	24118X320	AA	0.32258064516129
Pfsa3	24118X321	AA	0.416666666666667
Pfsa3	24118X328	AA	0.684210526315789
Pfsa3	24118X331	AA	0.900684931506849
Pfsa3	24118X335	AA	0.125
Pfsa3	24118X336	AS	0.818181818181818
Pfsa3	24118X337	AA	0.177745664739884
Pfsa3	24118X339	AA	0.0930232558139535
Pfsa3	24118X345	AA	0.0845070422535211
Pfsa3	24118X349	AA	0.374358974358974
Pfsa3	24118X353	AA	0.466666666666667
Pfsa3	24118X359	AA	0.149206349206349
Pfsa3	24118X363	AA	0.33206106870229
Pfsa3	24118X370	AA	0.352941176470588
Pfsa3	24118X372	AA	0.43
Pfsa3	24118X378	AA	0.675
Pfsa3	24118X38	AA	0.161466885604817
Pfsa3	24118X383	AA	0.539473684210526
Pfsa3	24118X41	AA	0.46
Pfsa3	24118X42	AA	0.6875
Pfsa3	24118X45	AA	0.0769230769230769
Pfsa3	24118X46	AA	0.586206896551724
Pfsa3	24118X48	AA	0.0789473684210526
Pfsa3	24118X49	AA	0.0606060606060606
Pfsa3	24118X5	AA	0.810606060606061
Pfsa3	24118X54	AA	0.120481927710843
Pfsa3	24118X55	AA	0.910941475826972
Pfsa3	24118X62	AA	0.456140350877193
Pfsa3	24118X66	AA	0.764705882352941
Pfsa3	24118X68	AS	0.642857142857143
Pfsa3	24118X69	AS	0.10752688172043
Pfsa3	24118X70	AA	0.909090909090909
Pfsa3	24118X71	AA	0.173611111111111
Pfsa3	24118X73	AA	0.142857142857143
Pfsa3	24118X78	AA	0.0645161290322581
Pfsa3	24118X79	AS	0.173996175908222
Pfsa3	24118X81	AA	0.108256880733945
Pfsa3	24118X82	AA	0.268292682926829
Pfsa3	24118X85	AA	0.363636363636364
Pfsa3	24118X94	AA	0.22075055187638
Pfsa3	24404X10	AA	0.239320920043812
Pfsa3	24404X101	AA	0.521410579345088
Pfsa3	24404X103	AA	0.375
Pfsa3	24404X105	AA	0.171391190580026
Pfsa3	24404X109	AA	0.443736730360934
Pfsa3	24404X115	AA	0.426346239430352
Pfsa3	24404X117	AA	0.552631578947368
Pfsa3	24404X119	AA	0.497897392767031
Pfsa3	24404X120	AA	0.112788632326821
Pfsa3	24404X121	AA	0.383597883597884
Pfsa3	24404X125	AA	0.863481228668942
Pfsa3	24404X13	AA	0.856509968003938
Pfsa3	24404X130	AA	0.764107611548556
Pfsa3	24404X131	AA	0.820835718374356
Pfsa3	24404X144	AA	0.399136577708006
Pfsa3	24404X146	AA	0.341517857142857
Pfsa3	24404X151	AA	0.261111111111111
Pfsa3	24404X157	AA	0.429718875502008
Pfsa3	24404X158	AA	0.387127761767531
Pfsa3	24404X160	AA	0.563451776649746
Pfsa3	24404X165	AA	0.20431765612953
Pfsa3	24404X178	AA	0.191011235955056
Pfsa3	24404X187	AA	0.419525065963061
Pfsa3	24404X193	AA	0.152173913043478
Pfsa3	24404X194	AA	0.875
Pfsa3	24404X199	AS	0.719298245614035
Pfsa3	24404X200	AA	0.579439252336449
Pfsa3	24404X207	AA	0.168253968253968
Pfsa3	24404X21	AA	0.266157461809636
Pfsa3	24404X213	AA	0.58974358974359
Pfsa3	24404X215	AA	0.447084233261339
Pfsa3	24404X217	AA	0.842911877394636
Pfsa3	24404X219	AA	0.100746268656716
Pfsa3	24404X220	AA	0.3515625
Pfsa3	24404X224	AA	0.227369921596579
Pfsa3	24404X228	AA	0.0869565217391304
Pfsa3	24404X229	AA	0.129391602399314
Pfsa3	24404X231	AA	0.594982078853047
Pfsa3	24404X233	AA	0.166666666666667
Pfsa3	24404X234	AA	0.0769230769230769
Pfsa3	24404X24	AA	0.728395061728395
Pfsa3	24404X240	AA	0.134020618556701
Pfsa3	24404X246	AA	0.889423076923077
Pfsa3	24404X247	AA	0.660194174757282
Pfsa3	24404X259	AA	0.159942363112392
Pfsa3	24404X26	AA	0.301587301587302
Pfsa3	24404X262	AA	0.301745635910224
Pfsa3	24404X275	AA	0.345924453280318
Pfsa3	24404X285	AS	0.888324873096447
Pfsa3	24404X286	AA	0.798941798941799
Pfsa3	24404X288	AA	0.322946175637394
Pfsa3	24404X29	AA	0.121834360027379
Pfsa3	24404X293	AA	0.441860465116279
Pfsa3	24404X3	AA	0.127547169811321
Pfsa3	24404X301	AA	0.834862385321101
Pfsa3	24404X305	AA	0.84375
Pfsa3	24404X309	AA	0.620689655172414
Pfsa3	24404X315	AA	0.461538461538462
Pfsa3	24404X319	AA	0.357142857142857
Pfsa3	24404X32	AA	0.210140093395597
Pfsa3	24404X321	AA	0.305555555555556
Pfsa3	24404X322	AA	0.185185185185185
Pfsa3	24404X323	AA	0.430769230769231
Pfsa3	24404X324	AA	0.163461538461538
Pfsa3	24404X328	AA	0.286476868327402
Pfsa3	24404X329	AA	0.351648351648352
Pfsa3	24404X335	AA	0.386792452830189
Pfsa3	24404X341	AA	0.60377358490566
Pfsa3	24404X345	AA	0.0848484848484849
Pfsa3	24404X353	AA	0.892307692307692
Pfsa3	24404X355	AA	0.684210526315789
Pfsa3	24404X361	AA	0.4
Pfsa3	24404X363	AA	0.185714285714286
Pfsa3	24404X365	AA	0.108695652173913
Pfsa3	24404X367	AA	0.131868131868132
Pfsa3	24404X368	AA	0.492424242424242
Pfsa3	24404X370	AA	0.142857142857143
Pfsa3	24404X372	AA	0.64
Pfsa3	24404X377	AA	0.696693272519954
Pfsa3	24404X379	AA	0.764822134387352
Pfsa3	24404X38	AA	0.815398075240595
Pfsa3	24404X380	AA	0.2578125
Pfsa3	24404X384	AA	0.7625
Pfsa3	24404X4	AA	0.159090909090909
Pfsa3	24404X41	AA	0.551724137931034
Pfsa3	24404X42	AA	0.428571428571429
Pfsa3	24404X47	AA	0.28734810578985
Pfsa3	24404X49	AS	0.474178403755869
Pfsa3	24404X51	AA	0.125
Pfsa3	24404X52	AA	0.249763481551561
Pfsa3	24404X54	AA	0.864303178484108
Pfsa3	24404X55	AA	0.620817843866171
Pfsa3	24404X56	AA	0.151515151515152
Pfsa3	24404X6	AS	0.91812865497076
Pfsa3	24404X7	AA	0.766863905325444
Pfsa3	24404X70	AS	0.5
Pfsa3	24404X74	AA	0.0722278738555443
Pfsa3	24404X76	AA	0.14327485380117
Pfsa3	24404X83	AA	0.325
Pfsa3	24404X84	AA	0.161176470588235
Pfsa3	24404X85	AA	0.0769230769230769
Pfsa3	24404X90	AA	0.138888888888889
Pfsa3	24404X92	AA	0.125
Pfsa3	24404X94	AA	0.150918635170604
Pfsa3	24404X96	AA	0.175280898876404
Pfsa3	24448X10	AA	0.455629139072848
Pfsa3	24448X101	AA	0.1
Pfsa3	24448X103	AA	0.449275362318841
Pfsa3	24448X105	AA	0.184357541899441
Pfsa3	24448X111	AA	0.318840579710145
Pfsa3	24448X112	AA	0.22
Pfsa3	24448X120	AA	0.338271604938272
Pfsa3	24448X123	AA	0.583612040133779
Pfsa3	24448X129	AA	0.305555555555556
Pfsa3	24448X13	AA	0.303685897435897
Pfsa3	24448X131	AA	0.358148893360161
Pfsa3	24448X133	AA	0.11913357400722
Pfsa3	24448X136	AA	0.722222222222222
Pfsa3	24448X138	AA	0.428571428571429
Pfsa3	24448X14	AA	0.32258064516129
Pfsa3	24448X157	AA	0.0785340314136126
Pfsa3	24448X158	AA	0.762470308788599
Pfsa3	24448X16	AA	0.207970112079701
Pfsa3	24448X163	AA	0.315815815815816
Pfsa3	24448X174	AA	0.228571428571429
Pfsa3	24448X176	AA	0.220338983050847
Pfsa3	24448X182	AA	0.087962962962963
Pfsa3	24448X191	AA	0.256410256410256
Pfsa3	24448X20	AA	0.2725
Pfsa3	24448X204	AA	0.459459459459459
Pfsa3	24448X213	AA	0.445578231292517
Pfsa3	24448X217	AS	0.641025641025641
Pfsa3	24448X228	AA	0.8
Pfsa3	24448X229	AA	0.455238095238095
Pfsa3	24448X230	AA	0.298892988929889
Pfsa3	24448X234	AA	0.14639175257732
Pfsa3	24448X235	AA	0.777777777777778
Pfsa3	24448X239	AA	0.33778857837181
Pfsa3	24448X24	AA	0.503136762860728
Pfsa3	24448X241	AA	0.193548387096774
Pfsa3	24448X246	AA	0.360628618693135
Pfsa3	24448X258	AA	0.300970873786408
Pfsa3	24448X263	AS	0.833333333333333
Pfsa3	24448X270	AA	0.877384196185286
Pfsa3	24448X271	AA	0.0747663551401869
Pfsa3	24448X276	AA	0.125
Pfsa3	24448X277	AA	0.114457831325301
Pfsa3	24448X278	AA	0.49748743718593
Pfsa3	24448X283	AA	0.0971830985915493
Pfsa3	24448X285	AA	0.187759336099585
Pfsa3	24448X291	AA	0.448398576512456
Pfsa3	24448X304	AA	0.76056338028169
Pfsa3	24448X305	AA	0.644067796610169
Pfsa3	24448X306	AA	0.384848484848485
Pfsa3	24448X307	AA	0.24
Pfsa3	24448X309	AA	0.76
Pfsa3	24448X310	AA	0.653061224489796
Pfsa3	24448X313	AA	0.162442396313364
Pfsa3	24448X319	AA	0.512820512820513
Pfsa3	24448X321	AA	0.188135593220339
Pfsa3	24448X323	AA	0.621359223300971
Pfsa3	24448X325	AA	0.227941176470588
Pfsa3	24448X326	AA	0.135353535353535
Pfsa3	24448X330	AA	0.567567567567568
Pfsa3	24448X331	AA	0.797648514851485
Pfsa3	24448X334	AA	0.816044260027663
Pfsa3	24448X337	AA	0.233333333333333
Pfsa3	24448X340	AA	0.259414225941423
Pfsa3	24448X344	AA	0.395
Pfsa3	24448X35	AA	0.223529411764706
Pfsa3	24448X353	AA	0.131578947368421
Pfsa3	24448X355	AS	0.818181818181818
Pfsa3	24448X357	AA	0.178752107925801
Pfsa3	24448X360	AA	0.431519699812383
Pfsa3	24448X362	AA	0.904761904761905
Pfsa3	24448X363	AA	0.418563922942207
Pfsa3	24448X364	AA	0.25
Pfsa3	24448X365	AA	0.40990990990991
Pfsa3	24448X368	AA	0.125874125874126
Pfsa3	24448X370	AA	0.223684210526316
Pfsa3	24448X374	AA	0.144599303135889
Pfsa3	24448X376	AA	0.227272727272727
Pfsa3	24448X38	AA	0.0746268656716418
Pfsa3	24448X382	AA	0.68
Pfsa3	24448X383	AA	0.107776261937244
Pfsa3	24448X42	AA	0.36318407960199
Pfsa3	24448X43	AA	0.308865586272641
Pfsa3	24448X44	AA	0.114754098360656
Pfsa3	24448X47	AS	0.847826086956522
Pfsa3	24448X51	AA	0.1625
Pfsa3	24448X57	AS	0.827586206896552
Pfsa3	24448X6	AA	0.584615384615385
Pfsa3	24448X63	AA	0.465040650406504
Pfsa3	24448X64	AA	0.12
Pfsa3	24448X65	AA	0.0555555555555556
Pfsa3	24448X68	AA	0.346938775510204
Pfsa3	24448X7	AA	0.459357277882798
Pfsa3	24448X70	AA	0.173838209982788
Pfsa3	24448X72	AA	0.152744630071599
Pfsa3	24448X80	AA	0.118343195266272
Pfsa3	24448X82	AA	0.636363636363636
Pfsa3	24448X84	AA	0.673167451244116
Pfsa3	24448X85	AS	0.8
Pfsa3	24448X86	AA	0.475
Pfsa3	24448X87	AA	0.573333333333333
Pfsa3	24448X88	AA	0.168478260869565
Pfsa3	24448X89	AA	0.0634920634920635
Pfsa3	24466X100	AA	0.140776699029126
Pfsa3	24466X108	AA	0.149797570850202
Pfsa3	24466X113	AA	0.673352435530086
Pfsa3	24466X116	AA	0.772946859903382
Pfsa3	24466X120	AS	0.75
Pfsa3	24466X124	AA	0.172727272727273
Pfsa3	24466X126	AA	0.306122448979592
Pfsa3	24466X127	AA	0.235024665257223
Pfsa3	24466X128	AA	0.184210526315789
Pfsa3	24466X13	AA	0.786596119929453
Pfsa3	24466X130	AA	0.207547169811321
Pfsa3	24466X135	AA	0.334029227557411
Pfsa3	24466X137	AA	0.273333333333333
Pfsa3	24466X139	AA	0.180327868852459
Pfsa3	24466X14	AA	0.205841446453408
Pfsa3	24466X141	AA	0.806818181818182
Pfsa3	24466X146	AA	0.531468531468531
Pfsa3	24466X147	AA	0.120464441219158
Pfsa3	24466X15	AA	0.09
Pfsa3	24466X152	AA	0.423076923076923
Pfsa3	24466X165	AA	0.24025974025974
Pfsa3	24466X166	AA	0.66271186440678
Pfsa3	24466X167	AA	0.92
Pfsa3	24466X172	AA	0.272727272727273
Pfsa3	24466X173	AA	0.207678883071553
Pfsa3	24466X174	AA	0.688311688311688
Pfsa3	24466X178	AA	0.190082644628099
Pfsa3	24466X179	AA	0.215469613259669
Pfsa3	24466X180	AA	0.278688524590164
Pfsa3	24466X19	AA	0.295412844036697
Pfsa3	24466X195	AA	0.226415094339623
Pfsa3	24466X200	AA	0.191489361702128
Pfsa3	24466X207	AA	0.176470588235294
Pfsa3	24466X208	AA	0.129032258064516
Pfsa3	24466X21	AA	0.0997830802603037
Pfsa3	24466X215	AA	0.646778042959427
Pfsa3	24466X218	AA	0.236363636363636
Pfsa3	24466X219	AA	0.1
Pfsa3	24466X22	AA	0.575757575757576
Pfsa3	24466X222	AA	0.393589743589744
Pfsa3	24466X223	AA	0.794871794871795
Pfsa3	24466X224	AS	0.666666666666667
Pfsa3	24466X225	AA	0.850467289719626
Pfsa3	24466X229	AA	0.613333333333333
Pfsa3	24466X232	AA	0.185840707964602
Pfsa3	24466X235	AA	0.396551724137931
Pfsa3	24466X236	AA	0.184397163120567
Pfsa3	24466X244	AA	0.143712574850299
Pfsa3	24466X246	AA	0.289855072463768
Pfsa3	24466X247	AA	0.514492753623188
Pfsa3	24466X250	AA	0.299595141700405
Pfsa3	24466X255	AS	0.578947368421053
Pfsa3	24466X257	AA	0.516129032258065
Pfsa3	24466X259	AA	0.0909090909090909
Pfsa3	24466X262	AA	0.519083969465649
Pfsa3	24466X263	AA	0.0597014925373134
Pfsa3	24466X266	AA	0.276729559748428
Pfsa3	24466X267	AA	0.615384615384615
Pfsa3	24466X268	AA	0.761904761904762
Pfsa3	24466X269	AA	0.0625
Pfsa3	24466X275	AA	0.264652014652015
Pfsa3	24466X276	AA	0.22
Pfsa3	24466X277	AA	0.0754716981132075
Pfsa3	24466X280	AA	0.227272727272727
Pfsa3	24466X283	AA	0.698537095088819
Pfsa3	24466X288	AA	0.867704280155642
Pfsa3	24466X293	AA	0.329411764705882
Pfsa3	24466X294	AA	0.0769230769230769
Pfsa3	24466X303	AA	0.194444444444444
Pfsa3	24466X31	AA	0.456967213114754
Pfsa3	24466X311	AA	0.102870813397129
Pfsa3	24466X312	AA	0.819772528433946
Pfsa3	24466X315	AA	0.262135922330097
Pfsa3	24466X317	AA	0.288888888888889
Pfsa3	24466X319	AA	0.181547619047619
Pfsa3	24466X323	AA	0.215686274509804
Pfsa3	24466X324	AA	0.267857142857143
Pfsa3	24466X331	AA	0.348484848484849
Pfsa3	24466X332	AA	0.19047619047619
Pfsa3	24466X335	AA	0.249084249084249
Pfsa3	24466X338	AA	0.51063829787234
Pfsa3	24466X34	AA	0.138297872340426
Pfsa3	24466X342	AA	0.375
Pfsa3	24466X347	AA	0.333333333333333
Pfsa3	24466X35	AS	0.789808917197452
Pfsa3	24466X352	AA	0.348214285714286
Pfsa3	24466X353	AA	0.1875
Pfsa3	24466X354	AA	0.0909090909090909
Pfsa3	24466X359	AS	0.936170212765957
Pfsa3	24466X36	AA	0.107648725212465
Pfsa3	24466X365	AA	0.217342342342342
Pfsa3	24466X37	AA	0.087378640776699
Pfsa3	24466X370	AS	0.893700787401575
Pfsa3	24466X375	AA	0.376237623762376
Pfsa3	24466X376	AA	0.156363636363636
Pfsa3	24466X379	AA	0.153601694915254
Pfsa3	24466X38	AA	0.152832674571805
Pfsa3	24466X383	AA	0.462555066079295
Pfsa3	24466X39	AA	0.339622641509434
Pfsa3	24466X42	AA	0.238095238095238
Pfsa3	24466X43	AA	0.204666990763247
Pfsa3	24466X47	AA	0.875
Pfsa3	24466X62	AA	0.308724832214765
Pfsa3	24466X71	AA	0.25
Pfsa3	24466X74	AA	0.361702127659574
Pfsa3	24466X80	AA	0.0833333333333333
Pfsa3	24466X81	AA	0.388888888888889
Pfsa3	24466X84	AA	0.411764705882353
Pfsa3	24466X85	AA	0.123076923076923
Pfsa3	24466X86	AA	0.187279151943463
Pfsa3	24466X87	AA	0.123076923076923
Pfsa3	24466X89	AA	0.226666666666667
Pfsa3	24466X92	AA	0.0731707317073171
Pfsa3	24466X99	AA	0.14760147601476
Pfsa3	24494X10	AA	0.141025641025641
Pfsa3	24494X101	AA	0.688524590163934
Pfsa3	24494X104	AS	0.578512396694215
Pfsa3	24494X105	AA	0.107960741548528
Pfsa3	24494X108	AS	0.272727272727273
Pfsa3	24494X109	AA	0.174825174825175
Pfsa3	24494X11	AS	0.888594164456233
Pfsa3	24494X111	AA	0.401459854014599
Pfsa3	24494X112	AA	0.330708661417323
Pfsa3	24494X114	AA	0.362657091561939
Pfsa3	24494X12	AA	0.850432632880099
Pfsa3	24494X123	AA	0.419610670511896
Pfsa3	24494X125	AA	0.204545454545455
Pfsa3	24494X126	AA	0.10580204778157
Pfsa3	24494X127	AS	0.207920792079208
Pfsa3	24494X129	AA	0.0740740740740741
Pfsa3	24494X13	AA	0.344862665310275
Pfsa3	24494X133	AA	0.48
Pfsa3	24494X134	AA	0.110169491525424
Pfsa3	24494X135	AS	0.800711743772242
Pfsa3	24494X138	AA	0.676190476190476
Pfsa3	24494X139	AA	0.1850699844479
Pfsa3	24494X141	AA	0.666666666666667
Pfsa3	24494X143	AA	0.0893470790378007
Pfsa3	24494X144	AA	0.337962962962963
Pfsa3	24494X146	AA	0.107871720116618
Pfsa3	24494X147	AA	0.316688567674113
Pfsa3	24494X153	AA	0.408077994428969
Pfsa3	24494X154	AA	0.636363636363636
Pfsa3	24494X155	AA	0.260869565217391
Pfsa3	24494X158	AA	0.701149425287356
Pfsa3	24494X160	AA	0.158730158730159
Pfsa3	24494X165	AA	0.545454545454545
Pfsa3	24494X167	AA	0.40952380952381
Pfsa3	24494X168	AA	0.111888111888112
Pfsa3	24494X170	AA	0.715962441314554
Pfsa3	24494X171	AA	0.13953488372093
Pfsa3	24494X172	AA	0.154716981132075
Pfsa3	24494X174	AA	0.470588235294118
Pfsa3	24494X175	AA	0.168330955777461
Pfsa3	24494X176	AA	0.286016949152542
Pfsa3	24494X177	AS	0.937984496124031
Pfsa3	24494X179	AS	0.860696517412935
Pfsa3	24494X180	AA	0.0779510022271715
Pfsa3	24494X183	AA	0.617206982543641
Pfsa3	24494X184	AA	0.411764705882353
Pfsa3	24494X185	AA	0.150442477876106
Pfsa3	24494X186	AA	0.111111111111111
Pfsa3	24494X187	AS	0.841584158415842
Pfsa3	24494X188	AA	0.147058823529412
Pfsa3	24494X191	AA	0.127041019514138
Pfsa3	24494X193	AA	0.337313432835821
Pfsa3	24494X196	AA	0.128205128205128
Pfsa3	24494X198	AS	0.918604651162791
Pfsa3	24494X199	AA	0.125
Pfsa3	24494X200	AA	0.0931174089068826
Pfsa3	24494X201	AA	0.058252427184466
Pfsa3	24494X202	AA	0.0825688073394495
Pfsa3	24494X205	AA	0.274725274725275
Pfsa3	24494X207	AA	0.185228604923798
Pfsa3	24494X208	AA	0.241741741741742
Pfsa3	24494X209	AA	0.10655737704918
Pfsa3	24494X210	AS	0.885245901639344
Pfsa3	24494X212	AA	0.898936170212766
Pfsa3	24494X214	AA	0.118055555555556
Pfsa3	24494X215	AA	0.173611111111111
Pfsa3	24494X218	AA	0.876579925650558
Pfsa3	24494X219	AA	0.160164271047228
Pfsa3	24494X220	AA	0.642857142857143
Pfsa3	24494X221	AA	0.204861111111111
Pfsa3	24494X222	AS	0.904458598726115
Pfsa3	24494X223	AA	0.856571714142929
Pfsa3	24494X227	AA	0.867326732673267
Pfsa3	24494X229	AS	0.875506658946149
Pfsa3	24494X23	AA	0.186079545454545
Pfsa3	24494X231	AA	0.246445497630332
Pfsa3	24494X233	AA	0.0923276983094928
Pfsa3	24494X237	AA	0.884792626728111
Pfsa3	24494X239	AS	0.777777777777778
Pfsa3	24494X241	AA	0.0925925925925926
Pfsa3	24494X242	AA	0.583333333333333
Pfsa3	24494X243	AA	0.454545454545455
Pfsa3	24494X247	AS	0.692307692307692
Pfsa3	24494X248	AA	0.129511677282378
Pfsa3	24494X251	AA	0.0967741935483871
Pfsa3	24494X254	AA	0.206896551724138
Pfsa3	24494X255	AA	0.26603325415677
Pfsa3	24494X259	AA	0.892307692307692
Pfsa3	24494X262	AA	0.219512195121951
Pfsa3	24494X264	AA	0.102803738317757
Pfsa3	24494X266	AA	0.0757575757575758
Pfsa3	24494X267	AA	0.073394495412844
Pfsa3	24494X268	AS	0.904649793996468
Pfsa3	24494X27	AA	0.149797570850202
Pfsa3	24494X276	AA	0.160714285714286
Pfsa3	24494X277	AA	0.0997375328083989
Pfsa3	24494X278	AA	0.279279279279279
Pfsa3	24494X279	AA	0.454545454545455
Pfsa3	24494X28	AA	0.770194986072423
Pfsa3	24494X280	AA	0.103174603174603
Pfsa3	24494X287	AA	0.333333333333333
Pfsa3	24494X291	AA	0.406461307287754
Pfsa3	24494X294	AA	0.723880597014925
Pfsa3	24494X295	AA	0.14819944598338
Pfsa3	24494X296	AA	0.289855072463768
Pfsa3	24494X300	AS	0.931818181818182
Pfsa3	24494X306	AA	0.156078431372549
Pfsa3	24494X307	AA	0.174285714285714
Pfsa3	24494X316	AA	0.0784313725490196
Pfsa3	24494X317	AA	0.73134328358209
Pfsa3	24494X319	AA	0.626666666666667
Pfsa3	24494X320	AA	0.432038834951456
Pfsa3	24494X321	AA	0.110169491525424
Pfsa3	24494X332	AA	0.124378109452736
Pfsa3	24494X334	AS	0.314285714285714
Pfsa3	24494X335	AA	0.175438596491228
Pfsa3	24494X336	AA	0.892670157068063
Pfsa3	24494X340	AA	0.333333333333333
Pfsa3	24494X342	AA	0.435897435897436
Pfsa3	24494X348	AA	0.341463414634146
Pfsa3	24494X352	AA	0.846153846153846
Pfsa3	24494X354	AA	0.1875
Pfsa3	24494X355	AA	0.505882352941176
Pfsa3	24494X358	AA	0.923611111111111
Pfsa3	24494X360	AA	0.186440677966102
Pfsa3	24494X363	AA	0.705882352941177
Pfsa3	24494X365	AS	0.166666666666667
Pfsa3	24494X369	AA	0.484848484848485
Pfsa3	24494X370	AA	0.157894736842105
Pfsa3	24494X371	AA	0.538922155688623
Pfsa3	24494X372	AA	0.5625
Pfsa3	24494X376	AA	0.0725806451612903
Pfsa3	24494X379	AA	0.685217391304348
Pfsa3	24494X380	AS	0.277777777777778
Pfsa3	24494X382	AA	0.3
Pfsa3	24494X4	AA	0.17910447761194
Pfsa3	24494X40	AA	0.557692307692308
Pfsa3	24494X42	AA	0.0769230769230769
Pfsa3	24494X43	AA	0.224489795918367
Pfsa3	24494X44	AA	0.305755395683453
Pfsa3	24494X45	AA	0.357541899441341
Pfsa3	24494X49	AA	0.25
Pfsa3	24494X5	AA	0.168674698795181
Pfsa3	24494X50	AA	0.0777777777777778
Pfsa3	24494X51	AA	0.517647058823529
Pfsa3	24494X54	AA	0.7
Pfsa3	24494X55	AA	0.166666666666667
Pfsa3	24494X56	AA	0.613186813186813
Pfsa3	24494X57	AA	0.125
Pfsa3	24494X59	AA	0.619631901840491
Pfsa3	24494X67	AA	0.285714285714286
Pfsa3	24494X69	AA	0.4375
Pfsa3	24494X72	AA	0.103448275862069
Pfsa3	24494X80	AA	0.443213296398892
Pfsa3	24494X82	AA	0.181818181818182
Pfsa3	24494X96	AA	0.621621621621622
Pfsa3	24538X1	AA	0.11864406779661
Pfsa3	24538X101	AS	0.892857142857143
Pfsa3	24538X113	AA	0.142857142857143
Pfsa3	24538X115	AA	0.0714285714285714
Pfsa3	24538X118	AA	0.152112676056338
Pfsa3	24538X120	AA	0.259615384615385
Pfsa3	24538X122	AA	0.266666666666667
Pfsa3	24538X127	AS	0.217391304347826
Pfsa3	24538X134	AA	0.793152639087018
Pfsa3	24538X135	AA	0.233791748526523
Pfsa3	24538X137	AS	0.692307692307692
Pfsa3	24538X140	AS	0.879310344827586
Pfsa3	24538X142	AA	0.494550408719346
Pfsa3	24538X143	AA	0.400966183574879
Pfsa3	24538X145	AA	0.747276688453159
Pfsa3	24538X15	AA	0.702702702702703
Pfsa3	24538X151	AA	0.611111111111111
Pfsa3	24538X152	AA	0.127659574468085
Pfsa3	24538X158	AA	0.226837060702875
Pfsa3	24538X160	AA	0.236842105263158
Pfsa3	24538X163	AA	0.311392405063291
Pfsa3	24538X167	AS	0.407407407407407
Pfsa3	24538X168	AS	0.65
Pfsa3	24538X170	AA	0.186813186813187
Pfsa3	24538X174	AA	0.160714285714286
Pfsa3	24538X175	AA	0.380952380952381
Pfsa3	24538X176	AA	0.215730337078652
Pfsa3	24538X177	AA	0.134020618556701
Pfsa3	24538X178	AS	0.214285714285714
Pfsa3	24538X179	AA	0.162162162162162
Pfsa3	24538X18	AA	0.153846153846154
Pfsa3	24538X180	AA	0.391891891891892
Pfsa3	24538X181	AA	0.165289256198347
Pfsa3	24538X182	AA	0.516129032258065
Pfsa3	24538X183	AA	0.150537634408602
Pfsa3	24538X184	AA	0.0909090909090909
Pfsa3	24538X188	AA	0.371794871794872
Pfsa3	24538X189	AA	0.371984435797665
Pfsa3	24538X19	AA	0.440860215053763
Pfsa3	24538X191	AA	0.179487179487179
Pfsa3	24538X193	AA	0.481481481481481
Pfsa3	24538X194	AA	0.283687943262411
Pfsa3	24538X196	AA	0.897569444444444
Pfsa3	24538X199	AA	0.760869565217391
Pfsa3	24538X20	AA	0.096
Pfsa3	24538X201	AA	0.267605633802817
Pfsa3	24538X204	AA	0.153846153846154
Pfsa3	24538X206	AA	0.718266253869969
Pfsa3	24538X208	AA	0.441176470588235
Pfsa3	24538X209	AA	0.420382165605096
Pfsa3	24538X211	AA	0.653465346534653
Pfsa3	24538X213	AA	0.761904761904762
Pfsa3	24538X214	AA	0.166924265842349
Pfsa3	24538X215	AA	0.2198233562316
Pfsa3	24538X222	AA	0.111111111111111
Pfsa3	24538X223	AA	0.0815307820299501
Pfsa3	24538X227	AA	0.518038852913969
Pfsa3	24538X229	AA	0.258003766478343
Pfsa3	24538X23	AA	0.678018575851393
Pfsa3	24538X230	AA	0.405594405594406
Pfsa3	24538X233	AA	0.288888888888889
Pfsa3	24538X238	AA	0.227678571428571
Pfsa3	24538X240	AA	0.483870967741935
Pfsa3	24538X241	AA	0.863636363636364
Pfsa3	24538X243	AA	0.447598253275109
Pfsa3	24538X245	AA	0.754980079681275
Pfsa3	24538X252	AA	0.58125
Pfsa3	24538X254	AA	0.099236641221374
Pfsa3	24538X257	AA	0.381818181818182
Pfsa3	24538X259	AA	0.187192118226601
Pfsa3	24538X26	AA	0.555555555555556
Pfsa3	24538X261	AA	0.325333333333333
Pfsa3	24538X263	AA	0.316831683168317
Pfsa3	24538X264	AA	0.50343878954608
Pfsa3	24538X265	AA	0.738700564971751
Pfsa3	24538X267	AA	0.21763085399449
Pfsa3	24538X273	AS	0.804878048780488
Pfsa3	24538X274	AA	0.0833333333333333
Pfsa3	24538X278	AA	0.611111111111111
Pfsa3	24538X279	AA	0.259259259259259
Pfsa3	24538X281	AA	0.325088339222615
Pfsa3	24538X285	AA	0.539617486338798
Pfsa3	24538X286	AA	0.20952380952381
Pfsa3	24538X289	AA	0.0980392156862745
Pfsa3	24538X29	AA	0.409142857142857
Pfsa3	24538X290	AS	0.902255639097744
Pfsa3	24538X291	AA	0.264325323475046
Pfsa3	24538X293	AA	0.0984682713347921
Pfsa3	24538X296	AA	0.087719298245614
Pfsa3	24538X299	AA	0.608695652173913
Pfsa3	24538X3	AA	0.3125
Pfsa3	24538X300	AA	0.799744897959184
Pfsa3	24538X302	AA	0.329495128432241
Pfsa3	24538X306	AA	0.661016949152542
Pfsa3	24538X307	AA	0.0845070422535211
Pfsa3	24538X308	AA	0.287234042553192
Pfsa3	24538X311	AA	0.100591715976331
Pfsa3	24538X314	AA	0.943181818181818
Pfsa3	24538X317	AA	0.269487750556793
Pfsa3	24538X318	AA	0.759055118110236
Pfsa3	24538X320	AA	0.448275862068966
Pfsa3	24538X321	AA	0.0917116233447769
Pfsa3	24538X326	AA	0.333333333333333
Pfsa3	24538X331	AA	0.483221476510067
Pfsa3	24538X332	AA	0.070545121392579
Pfsa3	24538X337	AA	0.277777777777778
Pfsa3	24538X339	AA	0.333333333333333
Pfsa3	24538X340	AA	0.649122807017544
Pfsa3	24538X344	AA	0.846153846153846
Pfsa3	24538X346	AA	0.705882352941177
Pfsa3	24538X347	AA	0.0731707317073171
Pfsa3	24538X349	AA	0.898305084745763
Pfsa3	24538X354	AA	0.08
Pfsa3	24538X355	AA	0.1
Pfsa3	24538X358	AA	0.362903225806452
Pfsa3	24538X359	AA	0.104395604395604
Pfsa3	24538X370	AA	0.764705882352941
Pfsa3	24538X372	AA	0.610789980732177
Pfsa3	24538X375	AA	0.166666666666667
Pfsa3	24538X376	AA	0.346153846153846
Pfsa3	24538X381	AA	0.0944206008583691
Pfsa3	24538X383	AA	0.140311804008909
Pfsa3	24538X4	AS	0.866666666666667
Pfsa3	24538X43	AA	0.0679611650485437
Pfsa3	24538X45	AS	0.914285714285714
Pfsa3	24538X48	AA	0.630563798219585
Pfsa3	24538X50	AA	0.181818181818182
Pfsa3	24538X53	AA	0.202830188679245
Pfsa3	24538X56	AA	0.0969162995594714
Pfsa3	24538X6	AA	0.384353741496599
Pfsa3	24538X60	AA	0.0882352941176471
Pfsa3	24538X64	AA	0.336633663366337
Pfsa3	24538X66	AS	0.548387096774194
Pfsa3	24538X7	AA	0.133333333333333
Pfsa3	24538X71	AA	0.0987654320987654
Pfsa3	24538X73	AA	0.896
Pfsa3	24538X77	AS	0.306603773584906
Pfsa3	24538X8	AA	0.125
Pfsa3	24538X80	AA	0.25
Pfsa3	24538X81	AA	0.69811320754717
Pfsa3	24538X85	AA	0.254807692307692
Pfsa3	24538X87	AA	0.25
Pfsa3	24538X9	AA	0.887096774193548
Pfsa3	24538X91	AA	0.0697674418604651
Pfsa3	24538X96	AS	0.857142857142857
Pfsa3	24538X99	AA	0.626865671641791
Pfsa3	25631X102	AA	0.862068965517241
Pfsa3	25631X104	AS	0.886363636363636
Pfsa3	25631X107	AA	0.312107760600031
Pfsa3	25631X11	AA	0.630952380952381
Pfsa3	25631X111	AA	0.246135552913199
Pfsa3	25631X115	AA	0.882309400444115
Pfsa3	25631X117	AA	0.184708737864078
Pfsa3	25631X119	AA	0.24
Pfsa3	25631X14	AA	0.121359223300971
Pfsa3	25631X2	AA	0.336099585062241
Pfsa3	25631X20	AA	0.322692307692308
Pfsa3	25631X21	AA	0.532994923857868
Pfsa3	25631X26	AA	0.661111111111111
Pfsa3	25631X27	AA	0.0931372549019608
Pfsa3	25631X29	AA	0.159574468085106
Pfsa3	25631X30	AA	0.368421052631579
Pfsa3	25631X31	AS	0.857142857142857
Pfsa3	25631X32	AA	0.201540436456996
Pfsa3	25631X40	AA	0.177093358999038
Pfsa3	25631X44	AA	0.111177525403467
Pfsa3	25631X47	AA	0.0854751942618051
Pfsa3	25631X49	AA	0.818181818181818
Pfsa3	25631X51	AA	0.266666666666667
Pfsa3	25631X68	AA	0.245220282626766
Pfsa3	25631X69	AA	0.428571428571429
Pfsa3	25631X71	AA	0.113333333333333
Pfsa3	25631X73	AA	0.18125
Pfsa3	25631X74	AA	0.514680483592401
Pfsa3	25631X75	AA	0.111111111111111
Pfsa3	25631X76	AA	0.273972602739726
Pfsa3	25631X79	AA	0.776627218934911
Pfsa3	25631X80	AA	0.13302034428795
Pfsa3	25631X81	AA	0.180851063829787
Pfsa3	25631X85	AA	0.410334346504559
Pfsa3	25631X86	AA	0.173184357541899
Pfsa3	25631X88	AA	0.343957503320053
Pfsa3	25631X91	AA	0.390438247011952
Pfsa3	25631X95	AA	0.0769230769230769
Pfsa3	25631X96	AA	0.398174157303371
