Group	N	Pfsa1_genotype	Pfsa3_genotype	Observed_count	Expected_count	Observed_proportion	Expected_proportion	Pfsa1_alt_frequency_for_null	Pfsa3_alt_frequency_for_null
All	700	0/0	0/0	483	350.662857142857	0.69	0.50094693877551	0.281428571428571	0.302857142857143
All	700	0/0	1/1	20	152.337142857143	0.0285714285714286	0.217624489795918	0.281428571428571	0.302857142857143
All	700	1/1	0/0	5	137.337142857143	0.00714285714285714	0.196195918367347	0.281428571428571	0.302857142857143
All	700	1/1	1/1	192	59.6628571428571	0.274285714285714	0.0852326530612245	0.281428571428571	0.302857142857143
AA	528	0/0	0/0	480	264.499983673469	0.909090909090909	0.50094693877551	0.281428571428571	0.302857142857143
AA	528	0/0	1/1	12	114.905730612245	0.0227272727272727	0.217624489795918	0.281428571428571	0.302857142857143
AA	528	1/1	0/0	5	103.591444897959	0.00946969696969697	0.196195918367347	0.281428571428571	0.302857142857143
AA	528	1/1	1/1	31	45.0028408163265	0.0587121212121212	0.0852326530612245	0.281428571428571	0.302857142857143
AS	171	0/0	0/0	3	85.6619265306122	0.0175438596491228	0.50094693877551	0.281428571428571	0.302857142857143
AS	171	0/0	1/1	8	37.213787755102	0.0467836257309941	0.217624489795918	0.281428571428571	0.302857142857143
AS	171	1/1	0/0	0	33.5495020408163	0	0.196195918367347	0.281428571428571	0.302857142857143
AS	171	1/1	1/1	160	14.5747836734694	0.935672514619883	0.0852326530612245	0.281428571428571	0.302857142857143
