Site	HbS_genotype	Parasite_genotype	count	total_within_HbS	proportion
Pfsa1	AA	0/0	768	1379	0.556925308194344
Pfsa1	AS	0/0	16	320	0.05
Pfsa1	AA	0/1	564	1379	0.408992023205221
Pfsa1	AS	0/1	126	320	0.39375
Pfsa1	AA	1/1	47	1379	0.0340826686004351
Pfsa1	AS	1/1	178	320	0.55625
Pfsa3	AA	0/0	572	1346	0.424962852897474
Pfsa3	AS	0/0	5	310	0.0161290322580645
Pfsa3	AA	0/1	713	1346	0.529717682020802
Pfsa3	AS	0/1	59	310	0.190322580645161
Pfsa3	AA	1/1	61	1346	0.0453194650817236
Pfsa3	AS	1/1	246	310	0.793548387096774
