Sequencing_sample_ID	Study_sample_ID	HbS_genotype	Pfsa1_VAF	Pfsa3_VAF
24118X103	A274_S1	AA	0.602285714285714	0.577464788732394
24118X104	A163_S1	AA	0.0403587443946188	0.0966386554621849
24118X107	A223_S1	AA	0.170250896057348	0.079136690647482
24118X108	A210_S1	AS	0.890895953757225	1
24118X111	A209_S1	AA	0.51466275659824	0.333333333333333
24118X112	A206_S1	AA	0.291322314049587	0.25
24118X113	A260_S1	AA	0.00364605244706212	0.276436303080766
24118X118	A302_S1	AA	0.637203166226913	0.743589743589744
24118X12	C216_S3	AA	0.310344827586207	0.375
24118X120	A213_S1	AA	0.751585014409222	0.772594752186589
24118X123	A200_S1	AA	0.00649350649350649	0.111111111111111
24118X127	A253_S1	AA	0.548797736916549	0.748031496062992
24118X128	A282_S1	AS	0.897727272727273	0.985611510791367
24118X134	A258_S1	AA	0.148455162019593	0.332116788321168
24118X138	A201_S1	AA	0.0862944162436548	0.333333333333333
24118X141	A212_S1	AA	0.100671140939597	0
24118X142	A316_S1	AA	0.0344722391702257	0.381944444444444
24118X145	A243_S1	AA	0.806122448979592	0.816326530612245
24118X146	A343_S1	AA	0.0398481973434535	0.196078431372549
24118X149	A319_S1	AA	0.142857142857143	0.163934426229508
24118X156	A313_S1	AA	0.278699581815729	0.372128637059724
24118X159	A457_S1	AA	0.513274336283186	0.907514450867052
24118X160	A396_S1	AA	0.230061349693252	0.326923076923077
24118X166	A421_S1	AA	0.253430185633575	0.404761904761905
24118X170	A494_S1	AS	0.8192	1
24118X172	B81_S1	AA	0.19774011299435	0.391304347826087
24118X173	A504_S1	AA	0.0234375	0.261146496815287
24118X176	A505_S1	AA	0.146021840873635	0.268897149938042
24118X178	A483_S1	AA	0.156474820143885	0.222222222222222
24118X179	A404_S1	AA	0.602370689655172	0.676470588235294
24118X180	A376_S1	AA	0.48780487804878	0.277777777777778
24118X182	A351_S1	AA	0.00193298969072165	0.225888324873096
24118X185	A452_S1	AA	0.0799347471451876	0.152777777777778
24118X186	A336_S1	AA	0.00807754442649435	0.181818181818182
24118X188	A506_S1	AA	0.185185185185185	0.583333333333333
24118X195	A250_S2	AA	0.311752010986855	0.298797409805735
24118X197	A252_S2	AA	0.231619413743393	0.18960244648318
24118X201	A256_S2	AA	0.333333333333333	0.155778894472362
24118X202	A257_S2	AA	0.697770521912147	0.862135922330097
24118X203	A258_S2	AA	0.145773357759749	0.129268292682927
24118X206	A261_S2	AS	0.790331196581197	0.790149892933619
24118X207	A262_S2	AA	0.0296110584089985	0.337349397590361
24118X208	A263_S2	AA	0.0643910007757952	0.202185792349727
24118X209	A3_S3	AA	0.461215932914046	0.307984790874525
24118X210	A4_S3	AA	0.101101101101101	0.707920792079208
24118X212	A6_S3	AA	0.196850393700787	0.497907949790795
24118X220	A14_S3	AA	0.00205761316872428	0.112903225806452
24118X224	A18_S3	AA	0.744186046511628	0.857142857142857
24118X226	A265_S2	AA	0.211527035056447	0.663978494623656
24118X229	A268_S2	AA	0.0681003584229391	0.188235294117647
24118X23	B217_S1	AA	0.218934911242604	0.184
24118X233	A272_S2	AA	0.104251012145749	0.296066252587992
24118X234	A273_S2	AA	0.356466876971609	0.360824742268041
24118X238	A277_S2	AA	0.203472731719247	0.0816430020283976
24118X24	B293_S1	AS	0.943801988232907	0.901408450704225
24118X240	A2_S3	AA	0.340659340659341	0
24118X242	A20_S3	AS	0.418410041841004	0.5
24118X243	A21_S3	AA	0.459016393442623	0
24118X244	A22_S3	AA	0.329294369208838	0.341743119266055
24118X245	A23_S3	AS	0.741935483870968	0.896551724137931
24118X248	A26_S3	AA	0.621327640540815	0.869739478957916
24118X249	A27_S3	AA	0.0920245398773006	0.0168067226890756
24118X25	B323_S1	AA	0.992089278146631	0.353646353646354
24118X250	A28_S3	AS	0.224465558194774	0.98936170212766
24118X251	A29_S3	AA	0.204918032786885	0.428571428571429
24118X253	A31_S3	AA	0.0027359781121751	0.131805157593123
24118X256	A34_S3	AA	0.00563380281690141	0.157894736842105
24118X257	A52_S3	AA	0.201716738197425	0.318181818181818
24118X258	A53_S3	AA	0.034278180619644	0.119540229885057
24118X259	A54_S3	AA	0.434210526315789	0
24118X262	A57_S3	AA	0.109207708779443	0.121951219512195
24118X263	A58_S3	AA	0.0210304942166141	0.419463087248322
24118X264	A59_S3	AA	0.425373134328358	0.384615384615385
24118X266	A61_S3	AA	0.0936949630151462	0.717208182912154
24118X269	A64_S3	AS	0.852534562211982	0.98
24118X278	A40_S3	AA	0.143856143856144	0.152993348115299
24118X28	B411_S1	AS	0.746719681908549	0.997854077253219
24118X281	A43_S3	AS	0.531121469701124	0.984326018808777
24118X283	A46_S3	AA	0.19690199582961	0.23
24118X29	C145_S1	AA	0.575039494470774	0.00308641975308642
24118X295	A338_S1	AA	0.227979274611399	0.333333333333333
24118X299	A353_S1	AA	0.25	0.25
24118X301	A502_S1	AA	0.786885245901639	0.851851851851852
24118X303	A491_S1	AA	0.4	0.176470588235294
24118X304	A451_S1	AA	0.0325101594248203	0.168316831683168
24118X312	A484_S1	AA	0.0555555555555556	0.580645161290323
24118X320	A498_S1	AA	0.298361157910859	0.32258064516129
24118X321	B116_S1	AA	0.35206177098735	0.416666666666667
24118X328	B146_S1	AA	0.0330188679245283	0.684210526315789
24118X331	B104_S1	AA	0.00465800441284629	0.900684931506849
24118X335	A487_S1	AA	0.0540540540540541	0.125
24118X336	A426_S1	AS	0.018348623853211	0.818181818181818
24118X337	B202_S1	AA	0.09875173370319	0.177745664739884
24118X339	B207_S1	AA	0.0481115107913669	0.0930232558139535
24118X341	A416_S1	AS	0.498493975903614	0.950354609929078
24118X343	A427_S1	AS	0.472647702407002	0.981481481481482
24118X345	B189_S1	AA	0.0376506024096386	0.0845070422535211
24118X349	B195_S1	AA	0.050058207217695	0.374358974358974
24118X353	B95_S1	AA	0.560295060936498	0.466666666666667
24118X358	B155_S1	AS	0.889460154241645	1
24118X359	B117_S1	AA	0.0519556333917104	0.149206349206349
24118X362	B84_S1	AS	0.651449722393584	0.99112426035503
24118X363	B119_S1	AA	0.0117700316885469	0.33206106870229
24118X370	B144_S1	AA	0.214105793450882	0.352941176470588
24118X372	B142_S1	AA	0.260180995475113	0.43
24118X373	B219_S1	AA	0.883211678832117	1
24118X378	A464_S1	AA	0.00154320987654321	0.675
24118X379	A418_S1	AA	0.207207207207207	0.0833333333333333
24118X38	D161_S1	AA	0.0902587220697766	0.161466885604817
24118X381	B209_S1	AS	0.795144157814871	0.995391705069124
24118X383	C93_S1	AA	0.160352489267154	0.539473684210526
24118X41	D272_S1	AA	0.584869059165858	0.46
24118X42	D280_S1	AA	0.710202286719437	0.6875
24118X45	B14_S2	AA	0.411214953271028	0.0769230769230769
24118X46	B19_S2	AA	0.0714285714285714	0.586206896551724
24118X48	B62_S2	AA	0.0470588235294118	0.0789473684210526
24118X49	B108_S2	AA	0.211111111111111	0.0606060606060606
24118X5	C208_S3	AA	0.9553264604811	0.810606060606061
24118X54	A19_S2	AA	0.0221130221130221	0.120481927710843
24118X55	A24_S2	AA	0.923516237402016	0.910941475826972
24118X6	C209_S3	AA	0.379120879120879	0
24118X61	A140_S2	AS	0.864578069732188	0.996212121212121
24118X62	A204_S2	AA	0.490706319702602	0.456140350877193
24118X64	A225_S2	AA	0.468208092485549	0.0591966173361522
24118X66	A229_S2	AA	0.141284403669725	0.764705882352941
24118X67	A131_S3	AS	0.805321314335563	1
24118X68	A140_S3	AS	0.262081784386617	0.642857142857143
24118X69	A162_S3	AS	0.0227920227920228	0.10752688172043
24118X70	A238_S3	AA	0.934718100890208	0.909090909090909
24118X71	A286_S3	AA	0.170797413793103	0.173611111111111
24118X72	A297_S3	AA	0.937858831475853	1
24118X73	A326_S3	AA	0.0217391304347826	0.142857142857143
24118X75	A334_S3	AS	0.802083333333333	1
24118X78	B169_S3	AA	0.0178571428571429	0.0645161290322581
24118X79	B179_S3	AS	0.837151037938439	0.173996175908222
24118X81	B247_S3	AA	0.0482051282051282	0.108256880733945
24118X82	B275_S3	AA	0.340248962655602	0.268292682926829
24118X85	C107_S3	AA	0.299715909090909	0.363636363636364
24118X94	C465_S1	AA	0.169187387849269	0.22075055187638
24118X99	A186_S1	AA	0.9296875	1
24404X10	D95_S1	AA	0.190132158590308	0.239320920043812
24404X101	E106_S1	AA	0.528933092224231	0.521410579345088
24404X103	B367_S1	AA	0.569395017793594	0.375
24404X105	E95_S1	AA	0.000949390199371942	0.171391190580026
24404X109	B433_S1	AA	0.0183802412406663	0.443736730360934
24404X112	B446_S1	AA	0.263035921205098	0.02
24404X115	E105_S1	AA	0.180535420894945	0.426346239430352
24404X117	B434_S1	AA	0.33164812942366	0.552631578947368
24404X119	B370_S1	AA	0.132186012449652	0.497897392767031
24404X120	B357_S1	AA	0.0205066344993969	0.112788632326821
24404X121	C29_S1	AA	0.32288856609255	0.383597883597884
24404X125	B448_S1	AA	0.840718105423988	0.863481228668942
24404X13	D83_S1	AA	0.620190610660078	0.856509968003938
24404X130	B472_S1	AA	0.380849892387006	0.764107611548556
24404X131	C56_S1	AA	0.00296552576300507	0.820835718374356
24404X134	C82_S1	AS	0.700374531835206	0.993939393939394
24404X139	E96_S1	AA	0.75	0.5
24404X141	C97_S1	AS	0.454861111111111	0.992424242424242
24404X144	E100_S1	AA	0.208454810495627	0.399136577708006
24404X146	E81_S1	AA	0.22229595222296	0.341517857142857
24404X151	E52_S1	AA	0.0724009900990099	0.261111111111111
24404X157	E50_S1	AA	0.314561136478945	0.429718875502008
24404X158	E79_S1	AA	0.0248893805309735	0.387127761767531
24404X160	D307_S1	AA	0.310641110376735	0.563451776649746
24404X165	E66_S1	AA	0.184120037511722	0.20431765612953
24404X172	E48_S1	AA	0.0909090909090909	0
24404X178	E8_S1	AA	0.0317460317460317	0.191011235955056
24404X179	E22_S1	AA	0.206410256410256	0
24404X182	E76_S1	AA	0.152988047808765	0.052
24404X187	E21_S1	AA	0.116692034500254	0.419525065963061
24404X188	E44_S1	AA	0.123397048149044	0.062953995157385
24404X193	B53_S3	AA	0.183585313174946	0.152173913043478
24404X194	B54_S3	AA	0.742424242424242	0.875
24404X199	B59_S3	AS	0.717041800643087	0.719298245614035
24404X200	B60_S3	AA	0.646424517593644	0.579439252336449
24404X207	B67_S3	AA	0.0332741792369122	0.168253968253968
24404X209	B69_S3	AS	0.706548100242522	0.924444444444444
24404X21	D127_S1	AA	0.138628986060722	0.266157461809636
24404X213	B73_S3	AA	0.466887417218543	0.58974358974359
24404X215	B77_S3	AA	0.160865475070555	0.447084233261339
24404X217	B79_S3	AA	0.195258019525802	0.842911877394636
24404X219	B81_S3	AA	0.0208562019758507	0.100746268656716
24404X22	D139_S1	AA	0.0774248660402268	0.961688311688312
24404X220	B82_S3	AA	0.0146611341632089	0.3515625
24404X221	B83_S3	AA	0.0806451612903226	0.0172413793103448
24404X224	B86_S3	AA	0.000270197243988111	0.227369921596579
24404X225	B87_S3	AS	0.412172573189522	1
24404X228	B101_S3	AA	0.0559440559440559	0.0869565217391304
24404X229	A182_S3	AA	0.0397150874163609	0.129391602399314
24404X231	B104_S3	AA	0.0594594594594595	0.594982078853047
24404X233	B106_S3	AA	0.031496062992126	0.166666666666667
24404X234	B107_S3	AA	0.0279329608938547	0.0769230769230769
24404X24	D97_S1	AA	0.240384615384615	0.728395061728395
24404X240	B114_S3	AA	0.0315638450502152	0.134020618556701
24404X246	B121_S3	AA	0.281553398058252	0.889423076923077
24404X247	B122_S3	AA	0.248571428571429	0.660194174757282
24404X257	B132_S3	AS	0.762402088772846	0.981481481481482
24404X259	B134_S3	AA	0.162625050020008	0.159942363112392
24404X26	D65_S1	AA	0.235759493670886	0.301587301587302
24404X262	B137_S3	AA	0.121244635193133	0.301745635910224
24404X263	B138_S3	AA	0.151515151515152	0
24404X275	B165_S3	AA	0.0352862849533955	0.345924453280318
24404X285	B175_S3	AS	0.948863636363636	0.888324873096447
24404X286	B176_S3	AA	0.806565064478312	0.798941798941799
24404X288	B178_S3	AA	0.00530451866404715	0.322946175637394
24404X29	D111_S1	AA	0.096452850508178	0.121834360027379
24404X290	C156_S2	AA	0.823144104803493	0.00983606557377049
24404X293	C90_S2	AA	0.351239669421488	0.441860465116279
24404X3	D50_S1	AA	0.00150526843953838	0.127547169811321
24404X30	D129_S1	AA	0.818268497330282	0.942164179104478
24404X300	C97_S2	AS	0.135746606334842	1
24404X301	C98_S2	AA	0.773770491803279	0.834862385321101
24404X305	C102_S2	AA	0.784210526315789	0.84375
24404X309	C106_S2	AA	0.0225988700564972	0.620689655172414
24404X315	C112_S2	AA	0.573643410852713	0.461538461538462
24404X319	C144_S2	AA	0.437262357414449	0.357142857142857
24404X32	D41_S1	AA	0.00757487472322573	0.210140093395597
24404X321	C151_S2	AA	0.404471544715447	0.305555555555556
24404X322	C160_S2	AA	0.028735632183908	0.185185185185185
24404X323	C153_S2	AA	0	0.430769230769231
24404X324	C154_S2	AA	0.168961201501877	0.163461538461538
24404X327	C164_S2	AS	0.944444444444444	1
24404X328	C100_S2	AA	0.0149555375909458	0.286476868327402
24404X329	B191_S2	AA	0.0278969957081545	0.351648351648352
24404X33	D54_S1	AS	0.147808197499604	0.995638901003053
24404X334	C158_S2	AS	0.807544264819092	1
24404X335	C165_S2	AA	0.424657534246575	0.386792452830189
24404X339	C96_S2	AA	0.181159420289855	0
24404X341	C122_S2	AA	0.74236641221374	0.60377358490566
24404X343	C141_S2	AS	0.753554502369668	1
24404X345	B171_S2	AA	0.0852713178294574	0.0848484848484849
24404X348	C146_S2	AS	0.904135338345865	0.9875
24404X353	C183_S2	AA	0.815789473684211	0.892307692307692
24404X355	C185_S2	AA	0.435185185185185	0.684210526315789
24404X356	C186_S2	AA	0.175404213620774	0.0121654501216545
24404X361	B177_S2	AA	0.535871156661786	0.4
24404X363	A4_S2	AA	0.0295608108108108	0.185714285714286
24404X365	A6_S2	AA	0.0185873605947955	0.108695652173913
24404X367	A8_S2	AA	0.00628930817610063	0.131868131868132
24404X368	C159_S2	AA	0.27992277992278	0.492424242424242
24404X370	C168_S2	AA	0.0294117647058824	0.142857142857143
24404X372	C170_S2	AA	0.00613496932515337	0.64
24404X377	C175_S2	AA	0.74365147161606	0.696693272519954
24404X379	C177_S2	AA	0.533193936225823	0.764822134387352
24404X38	D142_S1	AA	0.0508203281312525	0.815398075240595
24404X380	C178_S2	AA	0	0.2578125
24404X384	C182_S2	AA	0.455357142857143	0.7625
24404X4	C313_S1	AA	0.25	0.159090909090909
24404X41	C377_S1	AA	0.207865168539326	0.551724137931034
24404X42	D64_S1	AA	0.523952095808383	0.428571428571429
24404X47	C268_S1	AA	0.0789115646258503	0.28734810578985
24404X49	C363_S1	AS	0.339667458432304	0.474178403755869
24404X51	D103_S1	AA	0.240847784200385	0.125
24404X52	D121_S1	AA	0.0342222222222222	0.249763481551561
24404X54	D145_S1	AA	0.00953418687006265	0.864303178484108
24404X55	D45_S1	AA	0.652163742690059	0.620817843866171
24404X56	D58_S1	AA	0.368	0.151515151515152
24404X6	C374_S1	AS	0.983739837398374	0.91812865497076
24404X7	D36_S1	AA	0.0539049235993209	0.766863905325444
24404X70	D144_S1	AS	0.942307692307692	0.5
24404X73	D134_S1	AA	0.234567901234568	0
24404X74	C264_S1	AA	0.280450669914738	0.0722278738555443
24404X76	D59_S1	AA	0.0258136924803591	0.14327485380117
24404X81	D47_S1	AA	0.746835443037975	0
24404X83	D81_S1	AA	0.0664425016812374	0.325
24404X84	D94_S1	AA	0.167198723064645	0.161176470588235
24404X85	D106_S1	AA	0	0.0769230769230769
24404X90	D192_S1	AA	0.138364779874214	0.138888888888889
24404X92	D224_S1	AA	0.556521739130435	0.125
24404X94	D91_S1	AA	0.0353763883175648	0.150918635170604
24404X96	D122_S1	AA	0.207526408450704	0.175280898876404
24448X10	C132_S1	AA	0.0382198952879581	0.455629139072848
24448X101	B246_S1	AA	0.0707964601769911	0.1
24448X102	B470_S1	AA	0.283613445378151	0.0787878787878788
24448X103	C68_S1	AA	0.000887705281846427	0.449275362318841
24448X105	B471_S1	AA	0.24450715581536	0.184357541899441
24448X11	C277_S1	AS	0.891752577319588	1
24448X111	C110_S1	AA	0.204	0.318840579710145
24448X112	C95_S1	AA	0.161375661375661	0.22
24448X113	C126_S1	AA	0.0677966101694915	0
24448X120	B199_S1	AA	0.290697674418605	0.338271604938272
24448X122	C161_S1	AS	0.507462686567164	0.9
24448X123	C234_S1	AA	0.0797546012269939	0.583612040133779
24448X125	C180_S1	AS	0.53448275862069	0.947368421052632
24448X127	C221_S1	AA	0.788235294117647	0.00392156862745098
24448X129	C155_S1	AA	0.229946524064171	0.305555555555556
24448X13	C311_S1	AA	0.0132555231346394	0.303685897435897
24448X131	C156_S1	AA	0.381499269158488	0.358148893360161
24448X133	C209_S1	AA	0.0255368543238537	0.11913357400722
24448X135	C236_S1	AS	0.347069597069597	0.965174129353234
24448X136	C222_S1	AA	0.694313453536755	0.722222222222222
24448X138	C250_S1	AA	0.00286532951289398	0.428571428571429
24448X139	C237_S1	AA	0.351128233351679	0.0358126721763085
24448X14	C323_S1	AA	0	0.32258064516129
24448X143	C223_S1	AA	0.112255064762537	0.00759219088937093
24448X151	C148_S1	AS	0.360196215837421	0.994768962510898
24448X155	C225_S1	AS	0.231884057971014	0.936746987951807
24448X157	C164_S1	AA	0.0641539695268645	0.0785340314136126
24448X158	C147_S1	AA	0.812967581047382	0.762470308788599
24448X16	C349_S1	AA	0.243169398907104	0.207970112079701
24448X163	C254_S1	AA	0.294492440604752	0.315815815815816
24448X166	B212_S1	AS	0.578947368421053	0.571428571428571
24448X174	C137_S1	AA	0.118518518518519	0.228571428571429
24448X175	C203_S1	AA	0.153094462540717	0
24448X176	C169_S1	AA	0.0077720207253886	0.220338983050847
24448X18	C319_S1	AA	0.181672025723473	0
24448X180	C242_S1	AA	0.476923076923077	1
24448X182	C138_S1	AA	0.353675450762829	0.087962962962963
24448X187	C261_S1	AA	0.0833333333333333	0
24448X191	C202_S1	AA	0.0271739130434783	0.256410256410256
24448X197	C80_S3	AA	0.351351351351351	0.0434782608695652
24448X20	C400_S1	AA	0.0544412607449857	0.2725
24448X202	C85_S3	AA	0.588785046728972	0
24448X204	C87_S3	AA	0.0200573065902579	0.459459459459459
24448X209	C92_S3	AS	0.862619808306709	1
24448X213	C96_S3	AA	0.593142857142857	0.445578231292517
24448X217	C100_S3	AS	0.51183970856102	0.641025641025641
24448X220	C103_S3	AA	0.0902777777777778	0.0517241379310345
24448X226	C109_S3	AA	0.32457729468599	0.0106382978723404
24448X228	C112_S3	AA	0.83743842364532	0.8
24448X229	C113_S3	AA	0.565349544072948	0.455238095238095
24448X230	C114_S3	AA	0.014058106841612	0.298892988929889
24448X231	C115_S3	AS	0.929437706725469	1
24448X232	C116_S3	AS	0.712365591397849	1
24448X233	C117_S3	AA	0.133116883116883	0
24448X234	C118_S3	AA	0.0741337630942788	0.14639175257732
24448X235	C119_S3	AA	0.406593406593407	0.777777777777778
24448X239	C123_S3	AA	0.150276508776148	0.33778857837181
24448X24	C488_S1	AA	0.272366121086922	0.503136762860728
24448X241	C125_S3	AA	0.271664766248575	0.193548387096774
24448X245	C144_S3	AA	0.101694915254237	0
24448X246	C145_S3	AA	0.327010419449639	0.360628618693135
24448X25	C286_S1	AA	0.308641975308642	1
24448X253	C152_S3	AS	0.911290322580645	1
24448X254	C153_S3	AA	0.264957264957265	0.05
24448X258	C157_S3	AA	0.0786516853932584	0.300970873786408
24448X263	C163_S3	AS	0.802083333333333	0.833333333333333
24448X27	C388_S1	AA	0.314285714285714	0
24448X270	C170_S3	AA	0.846875	0.877384196185286
24448X271	C171_S3	AA	0.256756756756757	0.0747663551401869
24448X276	C176_S3	AA	0	0.125
24448X277	C177_S3	AA	0.140804597701149	0.114457831325301
24448X278	C178_S3	AA	0	0.49748743718593
24448X282	C182_S3	AS	0.698051948051948	0.977142857142857
24448X283	C183_S3	AA	0.0312328767123288	0.0971830985915493
24448X285	C201_S3	AA	0.145671641791045	0.187759336099585
24448X288	C205_S3	AS	0.670402908209633	0.99791013584117
24448X290	A43_S1	AA	0.193711967545639	0.0531914893617021
24448X291	A44_S1	AA	0.451456310679612	0.448398576512456
24448X292	A45_S1	AA	0.474226804123711	0.0227272727272727
24448X3	C276_S1	AA	0.720233139050791	0.0364464692482916
24448X301	A58_S1	AA	0.0875099443118536	0.0763260025873221
24448X304	A61_S1	AA	0.0447093889716841	0.76056338028169
24448X305	A63_S1	AA	0.266518847006652	0.644067796610169
24448X306	A64_S1	AA	0.25	0.384848484848485
24448X307	A65_S1	AA	0.0522088353413655	0.24
24448X309	A67_S1	AA	0.00719424460431655	0.76
24448X310	A68_S1	AA	0.414829659318637	0.653061224489796
24448X313	A71_S1	AA	0.217513682564504	0.162442396313364
24448X315	A77_S1	AA	0.176923076923077	0
24448X319	A83_S1	AA	0.00925925925925926	0.512820512820513
24448X321	A238_S1	AA	0.192201039861352	0.188135593220339
24448X323	A240_S1	AA	0.357348703170029	0.621359223300971
24448X324	A241_S1	AS	0.607727491574386	0.995186522262335
24448X325	A242_S1	AA	0.068	0.227941176470588
24448X326	A244_S1	AA	0.075207695671185	0.135353535353535
24448X330	A257_S1	AA	0.475699947173798	0.567567567567568
24448X331	A259_S1	AA	0.0440822374513799	0.797648514851485
24448X334	A263_S1	AA	0.159776684833178	0.816044260027663
24448X337	A85_S1	AA	0.240306946688207	0.233333333333333
24448X338	A86_S1	AS	0.790123456790123	0.997578692493947
24448X340	A88_S1	AA	0.140243902439024	0.259414225941423
24448X344	A102_S1	AA	0.298266351457841	0.395
24448X345	A105_S1	AA	0.166666666666667	0
24448X346	A106_S1	AA	0.178571428571429	0
24448X35	D26_S1	AA	0.726415094339623	0.223529411764706
24448X353	A215_S1	AA	0.00641025641025641	0.131578947368421
24448X355	A219_S1	AS	0.990126939351199	0.818181818181818
24448X357	A225_S1	AA	0.253681710213777	0.178752107925801
24448X360	A228_S1	AA	0.0615976900866218	0.431519699812383
24448X362	A230_S1	AA	0.155172413793103	0.904761904761905
24448X363	A232_S1	AA	0.44014998557831	0.418563922942207
24448X364	A233_S1	AA	0.0903361344537815	0.25
24448X365	A234_S1	AA	0.519013360739979	0.40990990990991
24448X368	A237_S1	AA	0.0141426045963465	0.125874125874126
24448X369	A330_S1	AA	0.76063829787234	0.0529801324503311
24448X370	A331_S1	AA	0.0128205128205128	0.223684210526316
24448X374	A345_S1	AA	0.0216681507865836	0.144599303135889
24448X376	A352_S1	AA	0.373205741626794	0.227272727272727
24448X38	C343_S1	AA	0.111111111111111	0.0746268656716418
24448X382	A371_S1	AA	0.738581146744412	0.68
24448X383	A372_S1	AA	0.128026070763501	0.107776261937244
24448X42	C464_S1	AA	0.234750979294908	0.36318407960199
24448X43	C477_S1	AA	0.0911341482283769	0.308865586272641
24448X44	D2_S1	AA	0.0735755944369672	0.114754098360656
24448X47	C392_S1	AS	0.145038167938931	0.847826086956522
24448X51	C333_S1	AA	0.00168067226890756	0.1625
24448X57	C317_S1	AS	0.753246753246753	0.827586206896552
24448X6	C322_S1	AA	0.00697674418604651	0.584615384615385
24448X60	D29_S1	AS	0.739449541284404	0.984848484848485
24448X63	C418_S1	AA	0.235331032318795	0.465040650406504
24448X64	C283_S1	AA	0.00560224089635854	0.12
24448X65	C304_S1	AA	0.0576131687242798	0.0555555555555556
24448X68	C366_S1	AA	0.00192678227360308	0.346938775510204
24448X69	D18_S1	AA	0.0888888888888889	0
24448X7	C335_S1	AA	0.289015151515152	0.459357277882798
24448X70	D30_S1	AA	0.141291108404385	0.173838209982788
24448X72	C480_S1	AA	0.0450261780104712	0.152744630071599
24448X80	D20_S1	AA	0.0648330058939096	0.118343195266272
24448X82	C409_S1	AA	0.484455958549223	0.636363636363636
24448X84	D9_S1	AA	0.368056206088993	0.673167451244116
24448X85	D21_S1	AS	0.946280991735537	0.8
24448X86	C89_S1	AA	0.415	0.475
24448X87	C306_S1	AA	0.0409356725146199	0.573333333333333
24448X88	C269_S1	AA	0.0303030303030303	0.168478260869565
24448X89	C328_S1	AA	0.0260663507109005	0.0634920634920635
24448X96	C302_S1	AA	0.448275862068966	0
24466X100	B291_S3	AA	0.11128526645768	0.140776699029126
24466X102	C231_S3	AA	0.0994623655913978	0
24466X108	C3_S3	AA	0.130769230769231	0.149797570850202
24466X111	C6_S3	AS	0.380952380952381	0.5
24466X113	C8_S3	AA	0.710677691892864	0.673352435530086
24466X116	C11_S3	AA	0.785403050108932	0.772946859903382
24466X119	C14_S3	AS	0.571428571428571	0.978527607361963
24466X120	C15_S3	AS	0.85	0.75
24466X124	C19_S3	AA	0.217318900915903	0.172727272727273
24466X125	C20_S3	AA	0.457627118644068	0.0606060606060606
24466X126	C21_S3	AA	0.0850801479654747	0.306122448979592
24466X127	C22_S3	AA	0.244297003131057	0.235024665257223
24466X128	C23_S3	AA	0.0445632798573975	0.184210526315789
24466X129	C24_S3	AS	0.853658536585366	1
24466X13	B180_S2	AA	0.735006973500697	0.786596119929453
24466X130	C25_S3	AA	0.0728155339805825	0.207547169811321
24466X135	C30_S3	AA	0.194308581591819	0.334029227557411
24466X137	C32_S3	AA	0.0980392156862745	0.273333333333333
24466X139	C34_S3	AA	0.161764705882353	0.180327868852459
24466X14	C25_S2	AA	0.176844262295082	0.205841446453408
24466X141	C36_S3	AA	0.325301204819277	0.806818181818182
24466X144	C39_S3	AS	0.567567567567568	0
24466X146	C41_S3	AA	0.124324324324324	0.531468531468531
24466X147	C42_S3	AA	0.213532513181019	0.120464441219158
24466X15	B182_S2	AA	0.069811320754717	0.09
24466X151	C46_S3	AS	0.841530054644809	0.95
24466X152	C47_S3	AA	0.0755287009063444	0.423076923076923
24466X165	C63_S3	AA	0.177092511013216	0.24025974025974
24466X166	C64_S3	AA	0.00746268656716418	0.66271186440678
24466X167	C65_S3	AA	0.607017543859649	0.92
24466X172	C71_S3	AA	0.157407407407407	0.272727272727273
24466X173	C72_S3	AA	0.0210057288351369	0.207678883071553
24466X174	C73_S3	AA	0.374149659863946	0.688311688311688
24466X178	C237_S3	AA	0.0787037037037037	0.190082644628099
24466X179	C236_S3	AA	0.00802752293577982	0.215469613259669
24466X180	C235_S3	AA	0.278637770897833	0.278688524590164
24466X19	B187_S2	AA	0.373844121532365	0.295412844036697
24466X195	B72_S2	AA	0.224157955865273	0.226415094339623
24466X200	B77_S2	AA	0.12406015037594	0.191489361702128
24466X207	B84_S2	AA	0.2	0.176470588235294
24466X208	B150_S2	AA	0.119718309859155	0.129032258064516
24466X21	B189_S2	AA	0.0172272354388843	0.0997830802603037
24466X211	B88_S2	AA	0.064	0.0666666666666667
24466X212	B89_S2	AA	0.883333333333333	0.93993993993994
24466X215	B92_S2	AA	0.378048780487805	0.646778042959427
24466X218	B95_S2	AA	0.0308555399719495	0.236363636363636
24466X219	B96_S2	AA	0.160714285714286	0.1
24466X22	B190_S2	AA	0.383259911894273	0.575757575757576
24466X222	B99_S2	AA	0.00241545893719807	0.393589743589744
24466X223	B116_S2	AA	0.463800904977376	0.794871794871795
24466X224	B156_S2	AS	0.520833333333333	0.666666666666667
24466X225	B102_S3	AA	0.839863713798978	0.850467289719626
24466X229	B106_S2	AA	0.605769230769231	0.613333333333333
24466X232	B82_S2	AA	0.32010582010582	0.185840707964602
24466X235	B109_S2	AA	0.00269330041521715	0.396551724137931
24466X236	B113_S2	AA	0.0178571428571429	0.184397163120567
24466X237	B114_S2	AA	0.688073394495413	1
24466X244	B121_S2	AA	0.320175438596491	0.143712574850299
24466X246	B93_S2	AA	0.0835443037974684	0.289855072463768
24466X247	B124_S2	AA	0.0347490347490347	0.514492753623188
24466X250	B143_S2	AA	0.0424869175180663	0.299595141700405
24466X253	B146_S2	AA	0.16793893129771	0.714285714285714
24466X255	B115_S2	AS	0.087719298245614	0.578947368421053
24466X257	B57_S3	AA	0.584821428571429	0.516129032258065
24466X259	B152_S2	AA	0.111709286675639	0.0909090909090909
24466X262	B71_S2	AA	0.376344086021505	0.519083969465649
24466X263	B112_S2	AA	0.693181818181818	0.0597014925373134
24466X264	B157_S2	AA	0.0758965804837364	0.0663265306122449
24466X266	B159_S2	AA	0.175328083989501	0.276729559748428
24466X267	B160_S2	AA	0.526666666666667	0.615384615384615
24466X268	B161_S2	AA	0.612612612612613	0.761904761904762
24466X269	B162_S2	AA	0.107638888888889	0.0625
24466X275	C8_S2	AA	0.958874094050227	0.264652014652015
24466X276	C9_S2	AA	0	0.22
24466X277	C10_S2	AA	0.0701298701298701	0.0754716981132075
24466X28	B196_S2	AS	0.185526315789474	0.995833333333333
24466X280	C13_S2	AA	0.529850746268657	0.227272727272727
24466X283	C21_S2	AA	0.571973664521921	0.698537095088819
24466X288	C27_S2	AA	0.023370233702337	0.867704280155642
24466X293	A379_S1	AA	0.36479892310281	0.329411764705882
24466X294	A380_S1	AA	0	0.0769230769230769
24466X299	A387_S1	AA	0.0606060606060606	0.25
24466X301	A390_S1	AA	0.137931034482759	0
24466X303	A392_S1	AA	0.056	0.194444444444444
24466X309	A130_S1	AS	0.401162790697674	0.986301369863014
24466X31	B199_S2	AA	0.472826086956522	0.456967213114754
24466X311	A133_S1	AA	0.0824989987985583	0.102870813397129
24466X312	A134_S1	AA	0.80391804457225	0.819772528433946
24466X315	A137_S1	AA	0.186573670444638	0.262135922330097
24466X317	A140_S1	AA	0.252129471890971	0.288888888888889
24466X319	A144_S1	AA	0.00917992656058752	0.181547619047619
24466X323	A164_S1	AA	0.259351620947631	0.215686274509804
24466X324	A165_S1	AA	0.0984952120383037	0.267857142857143
24466X331	A175_S1	AA	0.0232558139534884	0.348484848484849
24466X332	A176_S1	AA	0.271604938271605	0.19047619047619
24466X335	A180_S1	AA	0.0466012613875263	0.249084249084249
24466X338	A184_S1	AA	0.00127226463104326	0.51063829787234
24466X34	B202_S2	AA	0.0104529616724739	0.138297872340426
24466X342	A189_S1	AA	0.617886178861789	0.375
24466X347	A194_S1	AA	0.115732368896926	0.333333333333333
24466X35	B203_S2	AS	0.871967654986523	0.789808917197452
24466X352	A208_S1	AA	0.0976138828633406	0.348214285714286
24466X353	A266_S1	AA	0.145038167938931	0.1875
24466X354	A267_S1	AA	0.308127208480565	0.0909090909090909
24466X355	A271_S1	AS	0.480015372790161	1
24466X356	A272_S1	AA	0.121103117505995	0
24466X359	A276_S1	AS	0.354166666666667	0.936170212765957
24466X36	B204_S2	AA	0.196933962264151	0.107648725212465
24466X365	A286_S1	AA	0.14375	0.217342342342342
24466X368	A290_S1	AS	0.344605475040258	0.995024875621891
24466X37	B205_S2	AA	0.0650406504065041	0.087378640776699
24466X370	A293_S1	AS	0.796536796536797	0.893700787401575
24466X375	A306_S1	AA	0.0082815734989648	0.376237623762376
24466X376	A307_S1	AA	0.122958966349567	0.156363636363636
24466X377	A308_S1	AA	0.0673076923076923	0.0714285714285714
24466X379	A322_S1	AA	0.0500257864878803	0.153601694915254
24466X38	B206_S2	AA	0.00136892539356605	0.152832674571805
24466X383	A327_S1	AA	0.119266055045872	0.462555066079295
24466X384	A329_S1	AS	0.706766917293233	1
24466X39	B207_S2	AA	0.641509433962264	0.339622641509434
24466X42	B210_S2	AA	0.120689655172414	0.238095238095238
24466X43	B211_S2	AA	0.188833969894406	0.204666990763247
24466X45	C1_S2	AA	0.193333333333333	0.964285714285714
24466X47	C4_S2	AA	0.475177304964539	0.875
24466X61	C42_S2	AS	0.0720461095100865	0.944444444444444
24466X62	C43_S2	AA	0.398737808376363	0.308724832214765
24466X69	C50_S2	AA	0.12280701754386	0
24466X7	B173_S2	AA	0.0993788819875776	0
24466X71	C52_S2	AA	0.0378787878787879	0.25
24466X74	C62_S2	AA	0.0826446280991736	0.361702127659574
24466X78	C66_S2	AA	0.16551724137931	0.0555555555555556
24466X80	C68_S2	AA	0.0112994350282486	0.0833333333333333
24466X81	B76_S2	AA	0.149253731343284	0.388888888888889
24466X84	C72_S2	AA	0.512605042016807	0.411764705882353
24466X85	C73_S2	AA	0.0169109357384442	0.123076923076923
24466X86	C74_S2	AA	0.136227888812313	0.187279151943463
24466X87	C75_S2	AA	0.0182481751824818	0.123076923076923
24466X89	C78_S2	AA	0.192377495462795	0.226666666666667
24466X9	B174_S2	AS	0.879194630872483	1
24466X92	C81_S2	AA	0.0576441102756892	0.0731707317073171
24466X94	C83_S2	AA	0.332432432432432	0
24466X99	B290_S3	AA	0.0198822614683994	0.14760147601476
24494X10	E62_S1	AA	0.157016683022571	0.141025641025641
24494X101	B148_S1	AA	0.620879120879121	0.688524590163934
24494X103	C23_S1	AA	0.149817518248175	0.0255591054313099
24494X104	B86_S1	AS	0.400216919739696	0.578512396694215
24494X105	B196_S1	AA	0.0763793441979187	0.107960741548528
24494X108	B210_S1	AS	0.613636363636364	0.272727272727273
24494X109	B121_S1	AA	0.144444444444444	0.174825174825175
24494X11	D183_S1	AS	0.981507823613087	0.888594164456233
24494X111	C121_S1	AA	0.266473569876901	0.401459854014599
24494X112	B185_S1	AA	0.227454110135674	0.330708661417323
24494X113	C51_S1	AA	0.887560310467799	0.00730593607305936
24494X114	B198_S1	AA	0.298909090909091	0.362657091561939
24494X119	B88_S1	AA	0.0975797157126393	0.0241448692152917
24494X12	D152_S1	AA	0.00793961968241521	0.850432632880099
24494X120	C50_S1	AA	0.230333543108873	0.0404984423676012
24494X122	B467_S1	AA	0.525423728813559	0.0277777777777778
24494X123	B324_S1	AA	0.00441973196464214	0.419610670511896
24494X125	B330_S1	AA	0.223880597014925	0.204545454545455
24494X126	C21_S1	AA	0.0169491525423729	0.10580204778157
24494X127	C64_S1	AS	0.733067729083665	0.207920792079208
24494X129	B334_S1	AA	0.0101522842639594	0.0740740740740741
24494X13	D207_S1	AA	0.00197405527354766	0.344862665310275
24494X133	B220_S1	AA	0.24	0.48
24494X134	C33_S1	AA	0.114372469635628	0.110169491525424
24494X135	C52_S1	AS	0.739031339031339	0.800711743772242
24494X138	B229_S1	AA	0.768831168831169	0.676190476190476
24494X139	C122_S1	AA	0.0633213859020311	0.1850699844479
24494X141	C106_S1	AA	0.248826291079812	0.666666666666667
24494X143	C35_S1	AA	0.220848056537102	0.0893470790378007
24494X144	B311_S1	AA	0.24269889224572	0.337962962962963
24494X146	B222_S1	AA	0.222698072805139	0.107871720116618
24494X147	B465_S1	AA	0.0984074162110768	0.316688567674113
24494X151	B223_S1	AA	0.107303877366997	0.0522648083623693
24494X153	B305_S1	AA	0.210867218423893	0.408077994428969
24494X154	C88_S1	AA	0.356589147286822	0.636363636363636
24494X155	B89_S1	AA	0.819047619047619	0.260869565217391
24494X158	B124_S1	AA	0.0825688073394495	0.701149425287356
24494X159	B296_S1	AA	0.130781499202552	0.0632911392405063
24494X160	B152_S1	AA	0.260416666666667	0.158730158730159
24494X162	B307_S1	AS	0.751040981810213	0.920814479638009
24494X164	B331_S1	AS	0.865384615384615	1
24494X165	B477_S1	AA	0.691860465116279	0.545454545454545
24494X167	C116_S1	AA	0.483720930232558	0.40952380952381
24494X168	B342_S1	AA	0.112206216830933	0.111888111888112
24494X170	B475_S1	AA	0.772966410360178	0.715962441314554
24494X171	C114_S1	AA	0.134310134310134	0.13953488372093
24494X172	B464_S1	AA	0.0224032586558045	0.154716981132075
24494X174	B230_S1	AA	0.0120481927710843	0.470588235294118
24494X175	B319_S1	AA	0.282168766704849	0.168330955777461
24494X176	C31_S1	AA	0.242441860465116	0.286016949152542
24494X177	C91_S1	AS	0.929339477726575	0.937984496124031
24494X178	C103_S1	AA	0.09	0
24494X179	C115_S1	AS	0.112299465240642	0.860696517412935
24494X180	C63_S1	AA	0.0336673346693387	0.0779510022271715
24494X183	C30_S1	AA	0.672477850814518	0.617206982543641
24494X184	C86_S1	AA	0.288590604026846	0.411764705882353
24494X185	C65_S1	AA	0.0934065934065934	0.150442477876106
24494X186	C22_S1	AA	0.0536231884057971	0.111111111111111
24494X187	C59_S1	AS	0.594713656387665	0.841584158415842
24494X188	C99_S1	AA	0.0630630630630631	0.147058823529412
24494X191	C57_S1	AA	0.0448671182907764	0.127041019514138
24494X192	C113_S1	AA	0.209139784946237	0.073482428115016
24494X193	E121_S1	AA	0.394822006472492	0.337313432835821
24494X196	E124_S1	AA	0.62962962962963	0.128205128205128
24494X197	E126_S1	AS	0.113478955780501	1
24494X198	E127_S1	AS	0.965686274509804	0.918604651162791
24494X199	E128_S1	AA	0.126315789473684	0.125
24494X200	E141_S1	AA	0.0963949843260188	0.0931174089068826
24494X201	E142_S1	AA	0.0592334494773519	0.058252427184466
24494X202	E143_S1	AA	0.215151515151515	0.0825688073394495
24494X205	E146_S1	AA	0.00453172205438067	0.274725274725275
24494X207	E162_S1	AA	0.195273954816931	0.185228604923798
24494X208	E163_S1	AA	0.362699639361154	0.241741741741742
24494X209	E164_S1	AA	0.0167300380228137	0.10655737704918
24494X210	E165_S1	AS	0.8912	0.885245901639344
24494X212	E167_S1	AA	0.0511307767944936	0.898936170212766
24494X214	E169_S1	AA	0.00264900662251656	0.118055555555556
24494X215	E170_S1	AA	0.197144799456152	0.173611111111111
24494X217	E172_S1	AS	0.898043005556898	0.995652173913044
24494X218	B17_S2	AA	0.000977039570102589	0.876579925650558
24494X219	E174_S1	AA	0.107386716325264	0.160164271047228
24494X220	E175_S1	AA	0.545454545454545	0.642857142857143
24494X221	E176_S1	AA	0.0764940239043825	0.204861111111111
24494X222	B61_S2	AS	0.896341463414634	0.904458598726115
24494X223	B15_S2	AA	0.156256358087487	0.856571714142929
24494X225	B2_S2	AS	0.246638946638947	0.998781230956734
24494X226	B3_S2	AA	0.151079136690647	0.0285714285714286
24494X227	B4_S2	AA	0.818101933216169	0.867326732673267
24494X229	B6_S2	AS	0.948943137838642	0.875506658946149
24494X23	D225_S1	AA	0.00213219616204691	0.186079545454545
24494X231	B8_S2	AA	0.195954487989886	0.246445497630332
24494X233	B68_S2	AA	0.0645431684828164	0.0923276983094928
24494X237	E173_S1	AA	0.425795053003534	0.884792626728111
24494X239	B28_S2	AS	0.903878583473862	0.777777777777778
24494X24	D205_S1	AS	0.417085427135678	1
24494X240	A76_S1	AA	0.108409321175279	0.0831889081455806
24494X241	B53_S2	AA	0.0346695557963164	0.0925925925925926
24494X242	B55_S2	AA	0.160427807486631	0.583333333333333
24494X243	B56_S2	AA	0.0979967514889009	0.454545454545455
24494X247	B60_S2	AS	0.457627118644068	0.692307692307692
24494X248	B55_S3	AA	0.0666873449131514	0.129511677282378
24494X251	B64_S2	AA	0.266932270916335	0.0967741935483871
24494X254	B67_S2	AA	0.321100917431193	0.206896551724138
24494X255	B16_S2	AA	0.347319347319347	0.26603325415677
24494X257	B42_S2	AS	0.760330578512397	1
24494X259	B20_S2	AA	0.169976247030879	0.892307692307692
24494X260	B21_S2	AS	0.705349561279366	0.998939554612937
24494X262	B24_S2	AA	0.0383257690368129	0.219512195121951
24494X264	B26_S2	AA	0.247282608695652	0.102803738317757
24494X266	E177_S1	AA	0.003690036900369	0.0757575757575758
24494X267	B29_S2	AA	0.0356427713255907	0.073394495412844
24494X268	B30_S2	AS	0.903315667889659	0.904649793996468
24494X27	E20_S1	AA	0.231707317073171	0.149797570850202
24494X272	B35_S2	AA	0.1	0
24494X276	B39_S2	AA	0.0689655172413793	0.160714285714286
24494X277	B40_S2	AA	0.0195876288659794	0.0997375328083989
24494X278	B41_S2	AA	0.0949640287769784	0.279279279279279
24494X279	B10_S2	AA	0.360655737704918	0.454545454545455
24494X28	D230_S1	AA	0.7081351094196	0.770194986072423
24494X280	B43_S2	AA	0.00431034482758621	0.103174603174603
24494X281	B44_S2	AA	0.240641711229947	0
24494X284	B48_S2	AA	0.151162790697674	0.96551724137931
24494X287	B51_S2	AA	0.85589519650655	0.333333333333333
24494X291	A302_S3	AA	0.00905184236993691	0.406461307287754
24494X293	A304_S3	AA	0.0833333333333333	0
24494X294	A305_S3	AA	0.0194884287454324	0.723880597014925
24494X295	A306_S3	AA	0.12150577711517	0.14819944598338
24494X296	A307_S3	AA	0.238421955403087	0.289855072463768
24494X300	A322_S3	AS	0.78489847715736	0.931818181818182
24494X306	A328_S3	AA	0.128948160032087	0.156078431372549
24494X307	A329_S3	AA	0.147482624173589	0.174285714285714
24494X316	A338_S3	AA	0.0906921241050119	0.0784313725490196
24494X317	A339_S3	AA	0.0344086021505376	0.73134328358209
24494X319	A341_S3	AA	0.0180512422360248	0.626666666666667
24494X32	D187_S1	AA	0.0894308943089431	0.444444444444444
24494X320	A343_S3	AA	0.31664674237896	0.432038834951456
24494X321	B4_S3	AA	0.0474631751227496	0.110169491525424
24494X330	B13_S3	AA	0.630769230769231	0
24494X332	B15_S3	AA	0.117283950617284	0.124378109452736
24494X334	B17_S3	AS	0.242811501597444	0.314285714285714
24494X335	B18_S3	AA	0.0316780821917808	0.175438596491228
24494X336	B19_S3	AA	0.850832072617247	0.892670157068063
24494X34	E5_S1	AA	0.143225806451613	0
24494X340	A347_S3	AA	0.109243697478992	0.333333333333333
24494X342	A349_S3	AA	0.0652360515021459	0.435897435897436
24494X348	A355_S3	AA	0.358885017421603	0.341463414634146
24494X35	D184_S1	AS	0.911125319693095	0.963302752293578
24494X352	B3_S3	AA	0.916030534351145	0.846153846153846
24494X353	B20_S3	AA	0.37037037037037	0.666666666666667
24494X354	B21_S3	AA	0.078125	0.1875
24494X355	B22_S3	AA	0.413109756097561	0.505882352941176
24494X356	B23_S3	AA	0.252551020408163	0.0447761194029851
24494X357	B24_S3	AA	0.185314685314685	0.0504201680672269
24494X358	B25_S3	AA	0.914738124238733	0.923611111111111
24494X360	B27_S3	AA	0.104066462614779	0.186440677966102
24494X363	B30_S3	AA	0.0128458498023715	0.705882352941177
24494X364	B31_S3	AS	0.707142857142857	0.962962962962963
24494X365	B32_S3	AS	0.292517006802721	0.166666666666667
24494X367	B34_S3	AA	0.516959984269	0.959737827715356
24494X369	B36_S3	AA	0.0128205128205128	0.484848484848485
24494X370	B37_S3	AA	0.446280991735537	0.157894736842105
24494X371	B38_S3	AA	0.004062288422478	0.538922155688623
24494X372	B40_S3	AA	0.148026315789474	0.5625
24494X376	B44_S3	AA	0.482100238663485	0.0725806451612903
24494X379	B47_S3	AA	0.692415169660679	0.685217391304348
24494X380	B48_S3	AS	0.384505021520803	0.277777777777778
24494X382	B50_S3	AA	0.215568862275449	0.3
24494X4	D275_S1	AA	0.00229753015508329	0.17910447761194
24494X40	D228_S1	AA	0.178571428571429	0.557692307692308
24494X42	E18_S1	AA	0.00775193798449612	0.0769230769230769
24494X43	D198_S1	AA	0.0655737704918033	0.224489795918367
24494X44	D154_S1	AA	0.229572713643178	0.305755395683453
24494X45	D229_S1	AA	0.00466019417475728	0.357541899441341
24494X47	D186_S1	AS	0.704225352112676	1
24494X48	D155_S1	AS	0.882164678498691	0.996376811594203
24494X49	E3_S1	AA	0.0275862068965517	0.25
24494X5	D206_S1	AA	0.101369863013699	0.168674698795181
24494X50	D232_S1	AA	0.00325379609544469	0.0777777777777778
24494X51	D158_S1	AA	0.00782472613458529	0.517647058823529
24494X53	D201_S1	AS	0.48	1
24494X54	E42_S1	AA	0.10655737704918	0.7
24494X55	E61_S1	AA	0.197604790419162	0.166666666666667
24494X56	D221_S1	AA	0.682195277600511	0.613186813186813
24494X57	D301_S1	AA	0.188191881918819	0.125
24494X59	D160_S1	AA	0.0018058690744921	0.619631901840491
24494X67	E86_S1	AA	0.322368421052632	0.285714285714286
24494X68	D203_S1	AA	0.448275862068966	1
24494X69	D188_S1	AA	0.660287081339713	0.4375
24494X7	D237_S1	AA	0.0810810810810811	0.0571428571428571
24494X72	D200_S1	AA	0.0838709677419355	0.103448275862069
24494X74	D313_S1	AA	0.193548387096774	0
24494X78	D235_S1	AA	0.142857142857143	0
24494X80	D286_S1	AA	0.232531500572738	0.443213296398892
24494X82	D310_S1	AA	0.127906976744186	0.181818181818182
24494X85	E71_S1	AA	0.839097744360902	0.972972972972973
24494X88	E84_S1	AA	0.465321563682219	0
24494X92	D34_S1	AA	0.816525491449576	0.02710027100271
24494X96	E85_S1	AA	0.301470588235294	0.621621621621622
24538X1	A394_S1	AA	0.456226880394575	0.11864406779661
24538X10	A410_S1	AA	0.0930232558139535	0.0540540540540541
24538X101	A88_S3	AS	0.980582524271845	0.892857142857143
24538X112	A100_S3	AA	0.160919540229885	0.0909090909090909
24538X113	A68_S3	AA	0.0121951219512195	0.142857142857143
24538X115	A70_S3	AA	0.050314465408805	0.0714285714285714
24538X116	A71_S3	AA	0.608844703462461	0.997347480106101
24538X118	A73_S3	AA	0.0191494653071375	0.152112676056338
24538X119	A74_S3	AA	0.148148148148148	0.0476190476190476
24538X120	A75_S3	AA	0.202714932126697	0.259615384615385
24538X122	A77_S3	AA	0.0108695652173913	0.266666666666667
24538X127	A82_S3	AS	0.0521327014218009	0.217391304347826
24538X130	A102_S3	AA	0.169811320754717	0
24538X134	A106_S3	AA	0.17721223441513	0.793152639087018
24538X135	A107_S3	AA	0.594035666117189	0.233791748526523
24538X137	A109_S3	AS	0.446808510638298	0.692307692307692
24538X14	A417_S1	AS	0.622924584916983	0.997107039537126
24538X140	A112_S3	AS	0.604651162790698	0.879310344827586
24538X142	A114_S3	AA	0.014910412229044	0.494550408719346
24538X143	A115_S3	AA	0.260632868322559	0.400966183574879
24538X145	A135_S3	AA	0.0750260507120528	0.747276688453159
24538X15	A419_S1	AA	0.0811965811965812	0.702702702702703
24538X151	A141_S3	AA	0.301916932907348	0.611111111111111
24538X152	A142_S3	AA	0.0961761297798378	0.127659574468085
24538X158	A163_S3	AA	0.47633283507723	0.226837060702875
24538X160	A165_S3	AA	0.239340831807481	0.236842105263158
24538X163	A119_S3	AA	0.320359281437126	0.311392405063291
24538X166	A122_S3	AS	0.924907063197026	0.978260869565217
24538X167	A123_S3	AS	0.112612612612613	0.407407407407407
24538X168	A124_S3	AS	0.479087452471483	0.65
24538X170	A127_S3	AA	0.0772455089820359	0.186813186813187
24538X174	A132_S3	AA	0.0776470588235294	0.160714285714286
24538X175	A133_S3	AA	0.286713286713287	0.380952380952381
24538X176	A134_S3	AA	0.237366003062787	0.215730337078652
24538X177	A166_S3	AA	0.24317617866005	0.134020618556701
24538X178	A167_S3	AS	0.1875	0.214285714285714
24538X179	A168_S3	AA	0.316793893129771	0.162162162162162
24538X18	A424_S1	AA	0.188378033205619	0.153846153846154
24538X180	A169_S3	AA	0.3058568329718	0.391891891891892
24538X181	A170_S3	AA	0.175264139216905	0.165289256198347
24538X182	A171_S3	AA	0.276762402088773	0.516129032258065
24538X183	A172_S3	AA	0.101878201479795	0.150537634408602
24538X184	A173_S3	AA	0.129460580912863	0.0909090909090909
24538X186	A175_S3	AS	0.159203980099502	0.0666666666666667
24538X188	A177_S3	AA	0.0929853181076672	0.371794871794872
24538X189	A253_S2	AA	0.0259940145361265	0.371984435797665
24538X19	A428_S1	AA	0.418181818181818	0.440860215053763
24538X191	A180_S3	AA	0.0706106870229008	0.179487179487179
24538X193	A10_S2	AA	0.461361897475134	0.481481481481481
24538X194	A11_S2	AA	0.203149606299213	0.283687943262411
24538X196	A14_S2	AA	0.869796708615682	0.897569444444444
24538X199	A18_S2	AA	0.0300429184549356	0.760869565217391
24538X20	A429_S1	AA	0.0691244239631336	0.096
24538X201	A20_S2	AA	0.391734052111411	0.267605633802817
24538X204	A23_S2	AA	0.238023952095808	0.153846153846154
24538X206	A25_S2	AA	0.720819112627986	0.718266253869969
24538X208	A27_S2	AA	0.0610687022900763	0.441176470588235
24538X209	A28_S2	AA	0.327310344827586	0.420382165605096
24538X211	A30_S2	AA	0.0182926829268293	0.653465346534653
24538X213	A32_S2	AA	0.280898876404494	0.761904761904762
24538X214	A33_S2	AA	0.0650887573964497	0.166924265842349
24538X215	A34_S2	AA	0.192640692640693	0.2198233562316
24538X219	A38_S2	AA	0.600297176820208	0.0564971751412429
24538X222	A43_S2	AA	0.0355029585798817	0.111111111111111
24538X223	A44_S2	AA	0.0546687948922586	0.0815307820299501
24538X224	A45_S2	AA	0.284876905041032	0.944
24538X226	A47_S2	AA	0.256646216768916	0.0279424216765453
24538X227	A48_S2	AA	0.168048645660586	0.518038852913969
24538X229	A50_S2	AA	0.0058446455505279	0.258003766478343
24538X23	A445_S1	AA	0.819529760643931	0.678018575851393
24538X230	A51_S2	AA	0.0150214592274678	0.405594405594406
24538X233	C148_S2	AA	0.00183823529411765	0.288888888888889
24538X238	A59_S2	AA	0.296670030272452	0.227678571428571
24538X240	A61_S2	AA	0.0210022597368071	0.483870967741935
24538X241	A62_S2	AA	0.0768718801996672	0.863636363636364
24538X242	D38_S1	AS	0.38125	0.96551724137931
24538X243	A64_S2	AA	0.494554455445545	0.447598253275109
24538X245	B447_S1	AA	0.0443768996960486	0.754980079681275
24538X252	C143_S2	AA	0.642335766423358	0.58125
24538X254	A83_S2	AA	0.111630625365283	0.099236641221374
24538X256	A85_S2	AA	0.869294605809129	0.963636363636364
24538X257	A103_S2	AA	0.227544910179641	0.381818181818182
24538X258	A104_S2	AS	0.701382488479263	0.94949494949495
24538X259	A105_S2	AA	0.00263925545214613	0.187192118226601
24538X26	A450_S1	AA	0.119047619047619	0.555555555555556
24538X261	A107_S2	AA	0.372823984526112	0.325333333333333
24538X262	A108_S2	AA	0.118718592964824	0.0766666666666667
24538X263	A109_S2	AA	0.080168776371308	0.316831683168317
24538X264	A110_S2	AA	0.0428816466552316	0.50343878954608
24538X265	A111_S2	AA	0.11757766417617	0.738700564971751
24538X266	A112_S2	AS	0.895104895104895	1
24538X267	A113_S2	AA	0.149831017649268	0.21763085399449
24538X268	A114_S2	AS	0.74313408723748	0.98936170212766
24538X273	A86_S2	AS	0.893557422969188	0.804878048780488
24538X274	A87_S2	AA	0.012987012987013	0.0833333333333333
24538X276	A90_S2	AA	0.295454545454545	0.916666666666667
24538X277	A91_S2	AA	0.534818941504178	0
24538X278	A92_S2	AA	0.290780141843972	0.611111111111111
24538X279	A93_S2	AA	0.200743494423792	0.259259259259259
24538X281	A95_S2	AA	0.316386010362694	0.325088339222615
24538X284	A98_S2	AA	0.296296296296296	1
24538X285	A99_S2	AA	0.110628210193599	0.539617486338798
24538X286	A100_S2	AA	0.0814732142857143	0.20952380952381
24538X289	A254_S2	AA	0.11138014527845	0.0980392156862745
24538X29	A461_S1	AA	0.0625625625625626	0.409142857142857
24538X290	A183_S3	AS	0.919925512104283	0.902255639097744
24538X291	A184_S3	AA	0.138703527168732	0.264325323475046
24538X293	A186_S3	AA	0.019502353732347	0.0984682713347921
24538X296	A39_S3	AA	0.0411255411255411	0.087719298245614
24538X299	A192_S3	AA	0.679310344827586	0.608695652173913
24538X3	A401_S1	AA	0.0340909090909091	0.3125
24538X300	A193_S3	AA	0.000288392213410238	0.799744897959184
24538X302	A195_S3	AA	0.249124172829895	0.329495128432241
24538X306	A215_S3	AA	0.0424628450106157	0.661016949152542
24538X307	A216_S3	AA	0.0594900849858357	0.0845070422535211
24538X308	A217_S3	AA	0.0136986301369863	0.287234042553192
24538X31	A485_S1	AA	0.192307692307692	0
24538X311	A220_S3	AA	0.0862482031624341	0.100591715976331
24538X314	A223_S3	AA	0.994505494505495	0.943181818181818
24538X317	A226_S3	AA	0.0247840781073977	0.269487750556793
24538X318	A227_S3	AA	0.34514964975589	0.759055118110236
24538X320	A229_S3	AA	0.5390625	0.448275862068966
24538X321	A198_S3	AA	0.0167844104120241	0.0917116233447769
24538X326	A203_S3	AA	0	0.333333333333333
24538X331	A208_S3	AA	0.389380530973451	0.483221476510067
24538X332	A209_S3	AA	0.0497959183673469	0.070545121392579
24538X337	A265_S3	AA	0.215753424657534	0.277777777777778
24538X339	A267_S3	AA	0.271954674220963	0.333333333333333
24538X340	A268_S3	AA	0.440886699507389	0.649122807017544
24538X344	A272_S3	AA	0.77319587628866	0.846153846153846
24538X346	A274_S3	AA	0	0.705882352941177
24538X347	A276_S3	AA	0.00844390832328106	0.0731707317073171
24538X349	A278_S3	AA	0.952299829642249	0.898305084745763
24538X354	A231_S3	AA	0.00617283950617284	0.08
24538X355	A232_S3	AA	0.100291445225441	0.1
24538X356	A233_S3	AA	0.405405405405405	1
24538X358	A235_S3	AA	0.444723618090452	0.362903225806452
24538X359	A236_S3	AA	0.0674518201284797	0.104395604395604
24538X370	A283_S3	AA	0.87741935483871	0.764705882352941
24538X372	A285_S3	AA	0.137766801905098	0.610789980732177
24538X374	A287_S3	AA	0.61609907120743	0
24538X375	A289_S3	AA	0.0177705977382876	0.166666666666667
24538X376	A290_S3	AA	0.517006802721088	0.346153846153846
24538X381	A295_S3	AA	0.0630966239813737	0.0944206008583691
24538X383	C381_S1	AA	0.0875085792724777	0.140311804008909
24538X4	A403_S1	AS	0.757009345794392	0.866666666666667
24538X43	B153_S1	AA	0.170731707317073	0.0679611650485437
24538X45	B157_S1	AS	0.931034482758621	0.914285714285714
24538X48	B211_S1	AA	0.610161290322581	0.630563798219585
24538X50	B43_S1	AA	0.127272727272727	0.181818181818182
24538X53	B48_S1	AA	0.160628844839371	0.202830188679245
24538X54	B52_S1	AS	0.914728682170543	1
24538X56	B54_S1	AA	0.0757815591610606	0.0969162995594714
24538X6	A406_S1	AA	0.0497893527384144	0.384353741496599
24538X60	B58_S1	AA	0.0338983050847458	0.0882352941176471
24538X64	B92_S1	AA	0.340925789860397	0.336633663366337
24538X66	A310_S1	AS	0.952970297029703	0.548387096774194
24538X7	A407_S1	AA	0.11531190926276	0.133333333333333
24538X70	B232_S1	AS	0.904306220095694	0.966101694915254
24538X71	B234_S1	AA	0.138888888888889	0.0987654320987654
24538X73	B242_S1	AA	0.811903853491034	0.896
24538X77	B254_S1	AS	0.114644351464435	0.306603773584906
24538X8	A408_S1	AA	0.0436456996148909	0.125
24538X80	B259_S1	AA	0.2	0.25
24538X81	B283_S1	AA	0.791505791505791	0.69811320754717
24538X85	B289_S1	AA	0.23010752688172	0.254807692307692
24538X86	B290_S1	AS	0.851573187414501	0.995145631067961
24538X87	B291_S1	AA	0.129098360655738	0.25
24538X88	B292_S1	AA	0.171140939597315	0.0212765957446809
24538X9	A409_S1	AA	0.835266821345708	0.887096774193548
24538X91	B297_S1	AA	0.0243632336655592	0.0697674418604651
24538X96	B304_S1	AS	0.758992805755396	0.857142857142857
24538X99	A86_S3	AA	0.987164059366225	0.626865671641791
25631X101	D185_S1	AA	0.449612403100775	0.0125
25631X102	C218_S1	AA	0.0275229357798165	0.862068965517241
25631X103	C69_S2	AS	0.770358306188925	0.975903614457831
25631X104	A228_S2	AS	0.85972850678733	0.886363636363636
25631X105	B64_S3	AS	0.538461538461538	0.933333333333333
25631X107	C6_S2	AA	0.0516810758885687	0.312107760600031
25631X11	C389_S1	AA	0.730569948186529	0.630952380952381
25631X111	D240_S1	AA	0.210676446617767	0.246135552913199
25631X114	D243_S1	AA	0.143741670937981	0.0807302231237323
25631X115	D245_S1	AA	0.901916713491915	0.882309400444115
25631X117	D267_S1	AA	0.184666226040978	0.184708737864078
25631X119	A444_S1	AA	0.351851851851852	0.24
25631X12	C386_S1	AS	0.842105263157895	0.98
25631X14	C416_S1	AA	0.0706972208678693	0.121359223300971
25631X2	C414_S1	AA	0.0593998775260257	0.336099585062241
25631X20	C484_S1	AA	0.37404641451859	0.322692307692308
25631X21	C489_S1	AA	0.598932067635716	0.532994923857868
25631X26	D8_S1	AA	0.946949602122016	0.661111111111111
25631X27	E53_S1	AA	0.0494590417310665	0.0931372549019608
25631X28	D12_S1	AS	0.127853881278539	0.962365591397849
25631X29	D13_S1	AA	0.200902934537246	0.159574468085106
25631X30	D19_S1	AA	0.31358024691358	0.368421052631579
25631X31	D28_S1	AS	0.522222222222222	0.857142857142857
25631X32	D35_S1	AA	0.163931788931789	0.201540436456996
25631X34	E67_S1	AS	0.76271186440678	1
25631X37	C422_S1	AS	0.850704225352113	0.96
25631X40	C466_S1	AA	0.0559282751890705	0.177093358999038
25631X44	C470_S1	AA	0.129322051603468	0.111177525403467
25631X47	C473_S1	AA	0.0197044334975369	0.0854751942618051
25631X49	D37_S1	AA	0.455696202531646	0.818181818181818
25631X51	D63_S1	AA	0.395522388059701	0.266666666666667
25631X6	C406_S1	AA	0.103875968992248	0.00224215246636771
25631X68	D33_S1	AA	0.242162345365192	0.245220282626766
25631X69	C385_S1	AA	0.325714285714286	0.428571428571429
25631X71	A458_S1	AA	0.845814977973568	0.113333333333333
25631X72	C387_S1	AA	0.113243980009087	0.996615268898082
25631X73	D143_S1	AA	0.0157604412923562	0.18125
25631X74	D147_S1	AA	0.004	0.514680483592401
25631X75	E72_S1	AA	0.0081374321880651	0.111111111111111
25631X76	D181_S1	AA	0.0633245382585752	0.273972602739726
25631X79	D204_S1	AA	0.753035582303875	0.776627218934911
25631X80	D233_S1	AA	0.0199915528649866	0.13302034428795
25631X81	C347_S1	AA	0.0278128950695322	0.180851063829787
25631X85	D269_S1	AA	0.482191210164549	0.410334346504559
25631X86	D261_S1	AA	0.140111420612813	0.173184357541899
25631X88	D136_S1	AA	0.394118848274454	0.343957503320053
25631X89	E101_S1	AS	0.857324840764331	0.988235294117647
25631X9	E46_S1	AS	0.809421841541756	0.991525423728814
25631X91	E104_S1	AA	0.139726807057484	0.390438247011952
25631X95	C142_S1	AA	0.0335365853658537	0.0769230769230769
25631X96	D189_S1	AA	0.214917766967802	0.398174157303371
